organization_id,name,city,state,zip,revenue,utilization
ef58ea08-d883-3957-8300-150554edc8fb,HEALTHALLIANCE HOSPITALS  INC,LEOMINSTER,MA,01453,0.0,1214
69176529-fd1f-3b3f-abce-a0a3626769eb,MOUNT AUBURN HOSPITAL,CAMBRIDGE,MA,02138,0.0,2877
5e765f2b-e908-3888-9fc7-df2cb87beb58,STURDY MEMORIAL HOSPITAL,ATTLEBORO,MA,02703,0.0,2365
f1fbcbfb-fcfa-3bd2-b7f4-df20f1b3c3a4,LAWRENCE GENERAL HOSPITAL,LAWRENCE,MA,01842,0.0,976
e002090d-4e92-300e-b41e-7d1f21dee4c6,CAMBRIDGE HEALTH ALLIANCE,CAMBRIDGE,MA,02138,0.0,2706
ef6ab57c-ed94-3dbe-9861-812d515918b3,CAPE COD HOSPITAL,HYANNIS,MA,02601,0.0,2071
49318f80-bd8b-3fc7-a096-ac43088b0c12,COOLEY DICKINSON HOSPITAL INC THE,NORTHAMPTON,MA,01060,0.0,1533
fbf6180e-b800-3ebe-b91d-93d0288c400e,BAYSTATE FRANKLIN MEDICAL CENTER,GREENFIELD,MA,01301,0.0,1754
8b58cdd1-3d79-3126-8fe0-da2c54d6805c,CARNEY HOSPITAL,BOSTON,MA,02124,0.0,576
4bdaa4c2-c664-3089-aee2-7137abbad27f,HARRINGTON MEMORIAL HOSPITAL-1,SOUTHBRIDGE,MA,01550,0.0,667
ecc51621-0af3-3b35-ac3e-8b1e34022e92,SAINT ANNE'S HOSPITAL,FALL RIVER,MA,02721,0.0,1692
5d4b9df1-93ae-3bc9-b680-03249990e558,HOLYOKE MEDICAL CENTER,HOLYOKE,MA,01040,0.0,1768
37b4d73f-652d-3033-a16e-d97b9e8b4cda,ANNA JAQUES HOSPITAL,NEWBURYPORT,MA,01950,0.0,1288
5844ad77-f653-3c2b-b7dd-e97576ab3b03,BAYSTATE WING HOSPITAL AND MEDICAL CENTERS,PALMER,MA,01069,0.0,840
08bcda9c-f8c8-3244-82d4-fc306a7a55d3,BOSTON MEDICAL CENTER CORPORATION-,BOSTON,MA,02118,0.0,718
37c0de84-bcaf-3624-82bf-a89b2ac441b8,BEVERLY HOSPITAL CORPORATION,BEVERLY,MA,01915,0.0,1218
4861d01f-019c-3dac-a153-8334e50919f9,NORTH SHORE MEDICAL CENTER -,SALEM,MA,01970,0.0,3954
a0b6ec0c-e587-3b2a-bf9f-248849f29ee5,ST ELIZABETH'S MEDICAL CENTER,BRIGHTON,MA,02135,0.0,609
4f3a530e-a2f7-3de0-9a09-c0a70a9ab894,BERKSHIRE MEDICAL CENTER INC - 1,PITTSFIELD,MA,01201,0.0,1419
f71ce1a9-cca7-3295-9a1e-c88ac3479b6f,MARLBOROUGH HOSPITAL,MARLBOROUGH,MA,01752,0.0,1235
c44f361c-2efb-3050-8f97-0354a12e2920,SIGNATURE HEALTHCARE BROCKTON HOSPITAL,BROCKTON,MA,02302,0.0,1926
331f4c11-d298-308b-aaa1-d7825b29b57f,CLINTON HOSPITAL ASSOCIATION,CLINTON,MA,01510,0.0,372
b1ddf812-1fdd-3adf-b1d5-32cc8bd07ebb,BETH ISRAEL DEACONESS HOSPITAL - PLYMOUTH,PLYMOUTH,MA,02360,0.0,2595
6be05ccf-ef94-341f-a2a3-1cf9bfde1b18,ADCARE HOSPITAL OF WORCESTER INC,WORCESTER,MA,01605,0.0,311
b0e04623-b02c-3f8b-92ea-943fc4db60da,LOWELL GENERAL HOSPITAL,LOWELL,MA,01854,0.0,3852
ebc3f5c4-6700-34af-8323-85621c313726,NOBLE HOSPITAL,WESTFIELD,MA,01085,0.0,1714
fd328395-ab1d-35c6-a2d0-d05a9a79cf11,MERCY MEDICAL CTR,SPRINGFIELD,MA,01104,0.0,466
d692e283-0833-3201-8e55-4f868a9c0736,HALLMARK HEALTH SYSTEM,MELROSE,MA,02176,0.0,2238
d78e84ec-30aa-3bba-a33a-f29a3a454662,MASSACHUSETTS GENERAL HOSPITAL,BOSTON,MA,02114,0.0,278
8ad64ecf-c817-3753-bee7-006a8e662e06,MORTON HOSPITAL,TAUNTON,MA,02780,0.0,2673
23834663-ed53-3da9-b330-d6e1ecb8428e,SOUTHCOAST HOSPITAL GROUP  INC,FALL RIVER,MA,02720,0.0,1983
44bef9d3-91c2-3005-93e0-ccf436348ff0,MASSACHUSETTS EYE AND EAR INFIRMARY -,BOSTON,MA,02114,0.0,481
60457c13-adb2-3415-82c5-86ab5dab5f93,BAYSTATE MEDICAL CENTER,SPRINGFIELD,MA,01199,0.0,540
a9f20dc1-5147-3789-bcef-bbecb41c5983,HOLY FAMILY HOSPITAL,METHUEN,MA,01844,0.0,1213
7fb56531-86bd-3e4a-8619-4df9942da309,BETH ISRAEL DEACONESS HOSPITAL - NEEDHAM,NEEDHAM,MA,02494,0.0,1911
03347b4d-994e-302b-848b-58019a4e274d,EMERSON HOSPITAL -,W CONCORD,MA,01742,0.0,931
cb6a50e0-af76-3758-99ad-3200ede03fff,BETH ISRAEL DEACONESS MEDICAL CENTER,BOSTON,MA,02215,0.0,391
9a7149fa-49fc-3c87-b935-d29c55808717,NEW ENGLAND BAPTIST HOSPITAL,BOSTON,MA,02120,0.0,569
24cb4eab-6166-3530-bddc-a5a8a14a4fc1,MILFORD REGIONAL MEDICAL CENTER,MILFORD,MA,01757,0.0,1838
e44f438a-601b-30fb-85eb-bfaf8ddcb5ad,HEYWOOD HOSPITAL -,GARDNER,MA,01440,0.0,328
ac8356a5-78f8-3a63-8a1e-59e832fd54e7,NASHOBA VALLEY MEDICAL CENTER,AYER,MA,01432,0.0,930
db0acede-4abe-3c01-8d03-5c68a190d8c7,SOUTH SHORE HOSPITAL,SOUTH WEYMOUTH,MA,02190,0.0,1223
3d10019f-c88e-3de5-9916-6107b9c0263d,NEWTON-WELLESLEY HOSPITAL,NEWTON,MA,02462,0.0,2380
f4e7709c-02f6-37ca-aeea-8247d74e88e7,WINCHESTER HOSPITAL,WINCHESTER,MA,01890,0.0,2555
12c9daf5-a29c-36c9-ac55-28972463e566,BETH ISRAEL DEACONESS HOSPITAL-MILTON INC,MILTON,MA,02186,0.0,1707
27379046-608b-32f0-9df7-8c833cf5d11d,BRIGHAM AND WOMEN'S HOSPITAL,BOSTON,MA,02115,0.0,267
226098a2-6a40-3588-b5bb-db56c3a30a04,GOOD SAMARITAN MEDICAL CENTER,BROCKTON,MA,02301,0.0,2226
b7175ab4-bde5-3848-891b-579bccb77c7c,TUFTS MEDICAL CENTER,BOSTON,MA,02111,0.0,486
d733d4a9-080d-3593-b910-2366e652b7ea,BRIGHAM AND WOMEN'S FAULKNER HOSPITAL,BOSTON,MA,02130,0.0,204
3bd5eda0-16da-3ba5-8500-4dfd6ae118b8,NORWOOD HOSPITAL,NORWOOD,MA,02062,0.0,2040
d5117822-5756-389d-9547-891a372d580f,FALMOUTH HOSPITAL,FALMOUTH,MA,02540,0.0,3111
f99c74cc-7d1a-3f95-9a33-4a9357bf2f2a,UMASS MEMORIAL MEDICAL CENTER INC,WORCESTER,MA,01655,0.0,790
6f122869-a856-3d65-8db9-099bf4f5bbb8,LAHEY HOSPITAL & MEDICAL CENTER  BURLINGTON,BURLINGTON,MA,01803,0.0,3409
465de31f-3098-365c-af70-48a071e1f5aa,METROWEST MEDICAL CENTER,FRAMINGHAM,MA,01701,0.0,1353
1eaf97fa-9de6-38de-a9c4-6efe5dc574be,ST VINCENT HOSPITAL,WORCESTER,MA,01608,0.0,569
80e919cc-df1a-3838-b75e-541564a286e5,NANTUCKET COTTAGE HOSPITAL,NANTUCKET,MA,02554,0.0,485
56e0b3b3-4fac-3776-8fc9-7b465eb2fc17,FAIRVIEW HOSPITAL,GREAT BARRINGTON,MA,01230,0.0,114
161a799c-4894-36f6-8ca7-2a71c8107f79,ATHOL MEMORIAL HOSPITAL,ATHOL,MA,01331,0.0,129
956ccb85-bea0-30f9-af48-52f5dd95ff72,FRANCISCAN CHILDREN'S HOSPITAL & REHAB CENTER,BRIGHTON,MA,02135,0.0,463
d7b11827-25f2-350b-bcd8-939fc59851b0,BOSTON CHILDREN'S HOSPITAL,BOSTON,MA,02115,0.0,483
5103c940-0c08-392f-95cd-446e0cea042a,SHRINERS' HOSPITAL FOR CHILDREN (THE),SPRINGFIELD,MA,01104,0.0,747
ff9863d3-3fa3-3861-900e-f00148f5d9c2,SHRINERS' HOSPITAL FOR CHILDREN - BOSTON  THE,BOSTON,MA,02114,0.0,278
72a10c1a-ee7c-3a01-97b1-33f63244c13e,Edith Nourse Rogers Memorial Veterans Hospital (Bedford VA),Bedford,MA,01730,0.0,119
1bd44727-a8e3-322d-9c14-a5c529d6ce6d,VA Boston Healthcare System  Brockton Campus,Brockton,MA,02301,0.0,233
be4c63f3-8d38-3fa9-a183-62045b5c85f6,VA Boston Healthcare System  Jamaica Plain Campus,Jamaica Plain,MA,02130,0.0,694
a7500efb-720b-3e44-990a-0c3edc5a3990,VA Boston Healthcare System  West Roxbury Campus,West Roxbury,MA,02132,0.0,568
ae67223f-808e-33d3-a83e-066deebf35ed,VA Central Western Massachusetts Healthcare System,Leeds,MA,01053,0.0,129
05462bf2-25d4-3ecd-afdf-bb3e1140929a,Causeway OPC,Boston,MA,02114,0.0,152
5573d6f9-681b-3f8f-9264-2da0fec29b1e,Lowell Veterans Community Care Center,Lowell,MA,01852,0.0,10
5259a506-b80b-3ed5-9c30-83188eabf33e,Fitchburg Outpatient Clinic,Fitchburg,MA,01420,0.0,237
53b25c4b-e95f-3dd1-8e69-d427cdd83631,Framingham Outpatient Clinic,Framingham,MA,01702,0.0,22
c1c0c43e-ca87-3ee5-9549-be3f28afde81,Greenfield Outpatient Clinic,Greenfield,MA,01301,0.0,954
ed146054-9dd5-3f0b-83df-d29d983039c3,Hyannis Outpatient Clinic,Hyannis,MA,02601,0.0,275
3490b118-b33a-38e3-b763-f6f8f0039d6b,Lowell Outpatient Clinic,Lowell,MA,01852,0.0,12
8881e3ee-e915-31b3-867f-8e2fbe41e887,Lynn Community Based Outpatient Clinic (CBOC),Lynn,MA,01904,0.0,385
0b78995f-8b45-34d3-969d-afcc456bb1c7,New Bedford Outpatient Clinic,New Bedford,MA,02740,0.0,989
cb72194a-b1fd-3089-afb6-cb8bb61f4f9c,Plymouth Outreach Clinic,Plymouth,MA,02360,0.0,246
18f774ab-db01-37ba-95c4-44c4eab47089,Quincy Outpatient Clinic,Quincy,MA,02169,0.0,53
37eb7694-de8f-3407-b95f-1a6a31fb0f6a,Springfield Outpatient Clinic,Springfield,MA,01104,0.0,740
d311e70d-86e7-3c03-b115-53892bcf7ef1,Worcester Outpatient Clinic,Worcester,MA,01605,0.0,643
7b50426f-b50b-3d7c-ab22-04a0e1632ac8,Boston Vet Center,Boston,MA,02210,0.0,413
3fbe3da9-8e41-3118-a253-7e2d1b46480f,Brockton Vet Center,Brockton,MA,02301,0.0,10
5b7aa5b4-aa6f-3acc-bd96-01ce774cb614,Lowell Vet Center,Lowell,MA,01852,0.0,364
78dbf052-6958-3c67-af45-b5a450b70fe4,Springfield Vet Center,West Springfield,MA,01089,0.0,151
3a2242e0-de37-303b-bdfc-e160c7eae518,Worcester Vet Center,Worcester,MA,01609,0.0,117
05f449e8-89fc-3204-ac89-2416cc734431,PCP61,BROOKLINE,MA,02446-6499,0.0,35
d5f4875f-6df2-32a8-a01b-47267f47fc49,TERRI PEREIRA,MARLBORO,MA,01752-3586,0.0,14
b7dc82e4-3595-391b-a897-495dd7e5cf38,PCP103,SAUGUS,MA,01906-1980,0.0,51
79e14b44-8026-3599-b8ac-14813879825e,PCP297,HOLLISTON,MA,01746-1041,0.0,35
c72c73fd-0c2a-3579-b732-130984e4883c,PCP376,NORTHBOROUGH,MA,01532-2159,0.0,60
dd7305b8-adee-34b8-81b5-f14fe05784e4,PCP529,HAVERHILL,MA,01832-5734,0.0,32
f0268df7-588d-3e55-bab9-e29862a3be00,PCP532,WEST BOYLSTON,MA,01583-1418,0.0,48
793474a4-7871-382e-8347-2d3f2e024869,TPB ENTERPRISES  INC,FRAMINGHAM,MA,01702-8216,0.0,36
5e956b7f-ea9a-324d-a15d-b23794044d94,PCP749,WILMINGTON,MA,01887-1999,0.0,23
306fcf64-2582-3906-9311-9cc169d058c5,PCP951,BRADFORD,MA,01835-7237,0.0,99
71b6fd75-d5ca-3f0a-a81e-1fc098c63ba2,PCP1090,WATERTOWN,MA,02472-4005,0.0,20
7d1c9185-6194-3fca-8c56-1e2d5ac7ee71,PCP1221,HADLEY,MA,01035-3534,0.0,29
3efb354f-8c7e-3efe-8660-e2eb0fd6a3c5,PCP1345,NORWOOD,MA,02062-5006,0.0,32
b0bc9a3f-9875-3126-913f-1e1c1a01eb16,PCP1470,METHUEN,MA,01844-1923,0.0,51
4222a451-49b1-3520-b7d0-df9dc2caa033,PCP1530,AMHERST,MA,01002-1738,0.0,44
46d76f18-28be-3225-9d6c-8f9a424775eb,ACTIVE MOTION PHYSICAL THERAPY,WAKEFIELD,MA,01880-3018,0.0,32
51ca6e5b-854a-3935-b829-7b5200e3b4c4,PCP1716,BROOKLINE,MA,02446-4808,0.0,66
674de87d-159a-36bb-96a4-e415aa756ea6,PCP1860,BROOKLINE,MA,02445-1922,0.0,28
1c483ab1-d5b0-3e9e-a9a8-00ff5223d43a,PCP2068,JAMAICA PLAIN,MA,02130-1240,0.0,44
f59a9262-98bf-30b2-9317-6eef39885a34,PCP2209,PEABODY,MA,01960-1521,0.0,45
13565c20-feac-36cb-ab5c-cef3e6a7dd8f,PCP2306,BELMONT,MA,02478-1041,0.0,41
869ba21d-a974-3260-9752-4d1ba8d12f28,PCP2617,WESTON,MA,02493-1341,0.0,32
da316561-45db-3a0e-b6ff-83b167020597,PCP2662,ORLEANS,MA,02653-1566,0.0,42
518271fa-2372-3b99-9b3f-a9ccc3cfc33b,PCP2704,MENDON,MA,01756-1090,0.0,37
ad44968b-257d-36af-8f3c-a682d2a4b30b,PCP2722,HINGHAM,MA,02043-4021,0.0,60
118326c9-d96a-3957-a0a0-e56768929308,PCP3018,BELMONT,MA,02478-4987,0.0,40
433c8aea-1ab2-374e-a879-7c6fd0d3c4e6,PCP3099,SOMERVILLE,MA,02143-2127,0.0,61
195a0614-ac7e-3171-af58-df12b48ccafd,PCP3173,NEWTON,MA,02459-2241,0.0,42
18493754-0bc4-3653-89ba-fced6e9a2a79,PCP3280,TOWNSEND,MA,01469-1300,0.0,54
8c714091-3193-3cd0-8bac-386b83984962,PCP3289,DANVERS,MA,01923-1098,0.0,55
d303f885-b64a-3c2c-b13f-36a97c2522bf,PCP3324,GROTON,MA,01450-1450,0.0,26
775c7fab-5ca1-3703-ba2d-c297992d97d1,PCP3357,ROCKPORT,MA,01966-1437,0.0,17
d7e1f7b8-5261-3ee6-9d13-3e47f57fa6c2,PCP3579,BROOKLINE,MA,02446-3793,0.0,28
129f29ed-9183-311f-a596-9c762d8cb08c,PCP3741,BILLERICA,MA,01821-5338,0.0,96
36f3b4f2-9e17-3b2b-b080-eab3c7fda7fb,PCP3763,SOUTH DARTMOUTH,MA,02748-3524,0.0,51
41a07ac8-2bc7-36ed-b585-bb5a55882219,PCP3782,WOBURN,MA,01801-1007,0.0,88
0de9633c-54dd-39cb-947c-8ab5ecdf93a2,PCP3874,SHIRLEY,MA,01464-2561,0.0,131
4409e057-3f33-39ab-92a1-54fd9c2f3a3e,DR TED F BUKOWSKI AND ASSOC PC,NORTON,MA,02766-2342,0.0,190
58fa71de-2295-33b8-8932-176a72078898,PCP4047,ROCKLAND,MA,02370-1280,0.0,38
5e3989cf-b359-30a4-8d6d-158a04628d58,PCP4272,BROOKLINE,MA,02445-6874,0.0,30
27ea3751-40d6-3fcc-88ad-4b7d0c710a7b,PCP4453,CARVER,MA,02330-1716,0.0,53
ad3a23c5-ee9b-361d-96ee-244364c9b63a,PCP4460,LYNNFIELD,MA,01940-2617,0.0,102
6ab2e1c9-e185-3282-a4e8-d200a6f2b36c,PCP4621,GROVELAND,MA,01834-1229,0.0,124
088678d4-c735-3fa9-a22c-40272e071498,PCP4830,LITTLETON,MA,01460-1279,0.0,29
3adbc956-6e12-324b-bbf9-c297cbc531dc,PCP4890,WAKEFIELD,MA,01880-1281,0.0,18
27de734c-f94d-3df9-9c10-4ddc9d571aaf,PCP5144,DEDHAM,MA,02026-6239,0.0,21
1d316cdb-fcb8-3b90-a2e4-079a330d344c,PCP5409,BROOKLINE,MA,02446-3793,0.0,43
0d768c74-92f5-367b-bd5c-76d3143e82b7,PCP5481,OXFORD,MA,01540-1728,0.0,16
5b5591ce-ff1f-350c-8e37-c042f93646cb,PCP5628,SAGAMORE BEACH,MA,02562-2367,0.0,41
6fca7f82-5436-395c-b7d5-df9438fb4b2e,PCP5655,YARMOUTH PORT,MA,02675-2159,0.0,68
3eb7fc33-e4cf-3696-9be9-e814a1e472b2,PCP5682,MANSFIELD,MA,02048-2253,0.0,98
c927f41c-0e3e-3997-bed8-bd53534de138,PCP5684,STONEHAM,MA,02180-2023,0.0,11
53fce0b4-14fa-3ea3-8127-6563160b8ba9,PCP5717,BOLTON,MA,01740-1300,0.0,29
52cfd6b1-bb25-3447-a32a-3cbb0a7afd79,PCP5813,UPTON,MA,01568-1004,0.0,9
94d65687-ca73-364b-815e-9a82383f686d,PCP5973,SALEM,MA,01970-3625,0.0,59
5941168c-abcf-3a5c-8281-019d64bcd548,PCP6036,HADLEY,MA,01035-9552,0.0,34
d26675bd-9ded-3c92-8e67-d708a500b598,PCP6235,BROOKLINE,MA,02446-3806,0.0,56
48f9895c-222b-3082-ab26-0b5220b07ab4,PCP6451,WEST SPRINGFIELD,MA,01089-3366,0.0,54
88d1ec67-f7f3-3795-895f-53814631398b,PCP6620,WINTHROP,MA,02152-2649,0.0,27
6ea37b08-500c-3caf-b600-a7f90785c9fd,PCP6646,READING,MA,01867-3022,0.0,23
bf298470-c36c-3a2f-94ef-189c3234d071,PCP6664,AMESBURY,MA,01913-2440,0.0,33
dc94c9de-acc6-309d-b5e7-7fded469c59b,PCP6759,DARTMOUTH,MA,02747-3319,0.0,32
10a9d347-0146-3fbf-b74d-8f085f1bc461,PCP6927,WESTMINSTER,MA,01473-1472,0.0,28
ea982d94-d88d-3cd8-900b-6f09a956f339,PCP7130,MILFORD,MA,01757-2600,0.0,34
735d39d3-d76b-30e0-909d-df29f162c687,PCP7174,LONGMEADOW,MA,01106-1675,0.0,21
9ede8777-9442-3a51-945d-8ccee45acff6,PCP7238,HANSON,MA,02341-1166,0.0,70
80b9b401-87ba-3995-9bc7-99e67b4c8fdf,PCP7243,CAMBRIDGE,MA,02138,0.0,34
973e7384-d05b-32ad-a8cc-c39191ee9150,PCP7483,PITTSFILED,MA,01201,0.0,21
f84f441a-9b3d-3fd4-aa87-4931f5362de4,PCP7496,SANDWICH,MA,02563-0537,0.0,29
42151624-e863-3706-8442-472fafbf2226,PCP8034,MARBLEHEAD,MA,01945-2831,0.0,59
5f3e3a85-0461-3b77-9505-f57767d24412,PCP8369,DARTMOUTH,MA,02747-2537,0.0,47
6ffe62de-5d90-3cc7-be16-643a7496c817,PCP8458,SUNDERLAND,MA,01375-9466,0.0,43
d01fb520-993d-306a-beb2-607e18c95517,PCP8522,KINGSTON,MA,02364-1906,0.0,72
e7639206-04ff-3b68-9d77-d0e60eb890d7,PCP8619,GLOUCESTER,MA,01930-3540,0.0,30
f0c62e61-0d00-3f15-8d56-dfd0667581bf,PCP8711,FALL RIVER,MA,02721-3228,0.0,57
98c716c1-1951-39a3-8c5e-fd57ac194208,PCP8861,SOUTH ATTLEBORO,MA,02703-5917,0.0,26
32836213-4ac7-3021-aad8-6383f3ced351,PCP9022,GRAFTON,MA,01536-1614,0.0,23
65a74939-6441-32c0-bd3e-00b951c968e1,PCP9047,DEDHAM,MA,02026-1807,0.0,28
3e0bca72-a60c-3c55-8e24-555581ac9743,PCP9185,WESTFORD,MA,01886-3522,0.0,37
70c2b603-7765-3546-922c-132e95e7e70b,PCP9507,SOUTH DEERFIELD,MA,01373-1027,0.0,28
650a367a-d609-342d-a540-a99645f509b4,PCP9751,EAST BRIDGEWATER,MA,02333-1186,0.0,28
e05bdfef-298d-3525-b56b-308f61df7b97,PCP9829,BROOKLINE,MA,02446-5623,0.0,30
bf5b8173-2d02-342a-b46e-f7814724d0c0,PCP9942,MILTON,MA,02186-2318,0.0,26
b3a36503-0436-317f-a5f0-d18aa5629349,PCP9953,MEDFORD,MA,02155-1451,0.0,27
fb547fcc-de51-3431-883e-4338743e4d49,PCP9973,BRAINTREE,MA,02184-5502,0.0,16
65583707-3e0a-35e3-8c0a-37df9efe0b23,PCP10332,PLYMPTON,MA,02367-1718,0.0,25
22f35ea9-04e3-3ea7-92e3-c6bfd6530d81,PCP10403,RANDOLPH,MA,02368-2648,0.0,31
690848f5-6ca6-3f43-83a7-2e484506d500,PCP10692,AGAWAM,MA,01001-3067,0.0,33
6e481039-a431-3c79-b4d7-aa18ee8c50d0,PCP10700,AMHERST,MA,01002-1738,0.0,28
b74c6b49-6c41-3c34-829a-33c4739872be,PCP10713,ATTLEBORO,MA,02703-5954,0.0,15
5e6f8a00-6072-30cd-988a-a615e9cc3b2f,PCP10780,SOMERSET,MA,02725-1816,0.0,28
036e3ac3-cf03-3aef-982e-cce75baed820,PCP10937,CHARLTON,MA,01507-1354,0.0,12
438e9d44-1f8f-3c7f-807c-754e714c4e29,PCP11164,CHELSEA,MA,02150-3679,0.0,121
fa705b4d-6d15-3d99-9232-808663837f8d,PCP11258,LITTLETON,MA,01460-1279,0.0,20
2cacbb8e-b655-3f0c-b6a4-685f666e4544,PCP11360,MASHPEE,MA,02649-2611,0.0,102
7de1976a-eff4-3ca6-ac09-274462ae76ef,PCP11412,WINCHESTER,MA,01890-1913,0.0,38
6bc15379-df43-3eb0-9248-13481a3bf028,PCP11571,BROOKLINE,MA,02445-6871,0.0,56
dcd2bf99-6b14-3f3e-bcef-5bf1bb1d3a45,PCP11621,QUINCY,MA,02169-4514,0.0,49
1ec8b573-30d2-3ed7-aa18-3f3d438f1540,PCP11682,BRIGHTON,MA,02135-3601,0.0,37
12a3ebf8-88fc-3152-ab89-3c0a0ad2786b,PCP11686,SHREWSBURY,MA,01545-3869,0.0,48
043c2193-7fbd-3a5c-ad68-275230f1f3d4,PCP11873,DOVER,MA,02030-2374,0.0,50
e65041f8-b863-3ae8-9b04-b0897c12206a,PCP11906,BROOKLINE,MA,02446-3793,0.0,40
4d4f0156-9110-3edd-aa94-53f4d58fce4a,PCP11928,LEVERETT,MA,01054-9770,0.0,65
daa4c408-5fc5-32a8-881e-12181e8b8598,PCP12132,SHERBORN,MA,01770-1302,0.0,96
ea2d871a-0bf4-3ce1-b7e9-cb5a69c5c264,PCP12225,ARLINGTON,MA,02476-5004,0.0,38
908921eb-7b1d-3425-86ed-5919a9c01b6a,NANCY A BALIN MD F A C S,FLORENCE,MA,01062-2053,0.0,74
e9b210da-b06c-3bda-afe0-ea8f291211dd,TANZMAN MASELLI AND ASSOCIATES PC,ADAMS,MA,01220-1750,0.0,55
fea71139-3a82-323c-82a9-1e573fc1ec2c,PCP12341,QUINCY,MA,02169-4511,0.0,65
48ca5474-488c-350f-afd7-ae967981cb91,PCP12425,QUINCY,MA,02169-2022,0.0,43
bf338d56-67c1-3bfa-827b-c51d8400feb6,PCP12747,AMHERST,MA,01002-1758,0.0,25
27f048aa-bfc9-3bab-902d-91f6b4516f44,PCP12792,WABAN,MA,02468-1613,0.0,31
b6290f94-443f-35d0-8cff-3faae1f9f288,PCP12989,ANDOVER,MA,01810-3600,0.0,27
b29dcadb-a680-3068-a051-4700656fcaea,PCP12993,MELROSE,MA,02176-2706,0.0,37
bc82cb1f-42c3-3a6b-b10c-817591baa673,PCP13076,ARLINGTON,MA,02474-8406,0.0,13
e4cf9ee8-af0f-38d3-9422-2110c6f54867,PCP13645,CAMBRIDGE,MA,02140-1020,0.0,138
fa120db4-e034-3fa3-a831-d343d5445bb8,PCP13750,SAUGUS,MA,01906-2342,0.0,31
bb13540a-76b8-364d-8d56-25108796456f,PCP13766,BURLINGTON,MA,01803-4530,0.0,44
3597e991-7fc3-3591-820f-9d5e84dda836,PCP13886,BROOKLINE,MA,02446-4808,0.0,42
f7ae497d-8dc6-3721-9402-43b621a4e7d2,PCP14023,EAST LONGMEADOW,MA,01028-1878,0.0,10
63b12098-a29c-357d-b1c0-4dcc2f0b6d6c,PCP14226,SHREWSBURY,MA,01545-5265,0.0,19
1e4eec39-df1e-3c10-8132-6c74bbcaf05b,PCP14240,DUXBURY,MA,02332-3877,0.0,41
59a3a46d-e206-3052-8c82-cbafc00cf1ba,PCP14572,SHREWSBURY,MA,01545-6405,0.0,37
641bb7d9-b068-3b05-80d8-b830bedcad94,ACKEYE  LLC,NANTUCKET,MA,02554-6065,0.0,22
588e03bd-91bc-3442-be9e-66c18ba36c0c,KHOURY CHIROPRACTC  INC.,BELLINGHAM,MA,02019-1678,0.0,19
b1b59ef1-fcf4-34f8-8fd2-4d51b1586d85,PCP14706,NORTH DARTMOUTH,MA,02747-1262,0.0,79
eeebd573-1670-38c2-816b-6914b9de5138,PCP15026,SALEM,MA,01970-3150,0.0,4
6f8827d8-b5d0-3ab2-b04c-7363d98d6f90,PCP15097,LEXINGTON,MA,02420-4641,0.0,36
ffab0f83-3cf7-39c9-9500-e1e2345cf6bb,PCP15181,FITCHBURG,MA,01420-5214,0.0,33
92fba4ac-ef81-3a44-9921-64c063301834,PCP15182,EAST DENNIS,MA,02641-0356,0.0,111
1c15a03e-5347-380f-a3dc-5496ba99ed2b,PCP15351,AMHERST,MA,01002-2933,0.0,29
e1a712c3-d6c3-3432-ab2f-dab2fc5649f8,PCP15485,MILFORD,MA,01757-1743,0.0,35
ff917dd4-ffbb-3f4c-b2df-445a7e9d29aa,PCP15541,NORTON,MA,02766-2569,0.0,72
728e75a0-2274-303e-97dc-1af51ebd30b5,PCP15792,AMHERST,MA,01002-2353,0.0,52
1d376956-d8da-3a4b-ac7c-18fe4e799e3d,PCP15810,BROOKLINE,MA,02446-3202,0.0,61
b677df81-1494-3c90-8cfb-2e2f3ac9df97,PCP15995,NEWTON,MA,02460-1215,0.0,28
34a0de28-79fc-3fee-bbbe-7c12a9e84258,PCP16089,WESTPORT,MA,02790-4100,0.0,56
e7908588-196c-3534-853a-18910e276286,PCP16203,ACTON,MA,01720-3415,0.0,31
2b1ab576-50a4-3d9f-ba1f-a8cdcfa186fc,PCP16374,NEWBURYPORT,MA,01950-2650,0.0,54
2054e9fb-ad93-3e40-a989-3de0d1b45c11,PCP16471,BROOKLINE,MA,02446-4602,0.0,8
ca84301a-d567-3b35-86c7-5d75f341e562,PCP16686,PITTSFIELD,MA,01201-6312,0.0,92
46f60519-8023-365f-a266-cc8e018caedc,PCP16959,HAVERHILL,MA,01830-5855,0.0,73
59e287a5-d68e-3fcd-9147-37d797f40705,PCP17011,SWANSEA,MA,02777-4594,0.0,12
99a0f468-b273-32f3-bda1-c9b2eb560e59,PCP17095,NEEDHAM,MA,02492-2565,0.0,42
511ccbe8-3167-33f0-9b5b-0748e30bcb38,PCP17104,BROOKLINE,MA,02445-6005,0.0,37
5d965dd7-5355-371d-9b13-2a0321e3e4aa,PCP17236,CONCORD,MA,01742-3049,0.0,66
09207265-689c-3412-84b2-fcecbaf68b7f,PCP17279,MARBLEHEAD,MA,01945-2329,0.0,68
bee3973f-125a-3713-807e-8e9c0f9e304e,PCP17791,MILLBURY,MA,01527-2601,0.0,29
1faba772-ae22-385b-a6f5-02ea2479a080,PCP17929,BROOKLINE,MA,02446-4808,0.0,28
74036847-72aa-3eef-81ad-d672e3ff5cba,PCP18088,SPENCER,MA,01562-1755,0.0,62
707bfbf6-85d4-375f-b12a-43ff210ec187,PCP18175,MONTAGUE,MA,01351-8925,0.0,156
3e54a0c1-21ed-34ea-9696-e64a09626bcc,PCP18347,CARLISLE,MA,01741-1840,0.0,81
c47a2ac5-f2f2-3f8c-aee8-336ed150f77b,PCP18545,NEWTON,MA,02459-2831,0.0,64
f0751ac5-bb0b-31d0-b9aa-869bad2cba82,PCP19037,CAMBRIDGE,MA,02140-1431,0.0,35
a25c01ad-bf82-3ca1-b6fc-37733c6f433a,PCP19162,WEST ROXBURY,MA,02132-5441,0.0,3
1f8bf1bc-2c07-3ea6-9782-0a8eb036ba4f,PCP19450,LYNNFIELD,MA,01940-2344,0.0,61
86f868e9-3325-3019-98d9-34ca2dc11f20,TANZMAN MASELLI AND ASSOCIATES PC,N ADAMS,MA,01247-4522,0.0,150
cc648e4d-ae3a-3933-930e-f1f34189eb97,PCP19816,WESTWOOD,MA,02090-1801,0.0,72
76414819-cc4b-3ceb-b54a-89481b9fb641,PCP19822,MARBLEHEAD,MA,01945-2704,0.0,88
1f2b3666-5e34-3e83-8a47-076f8f9c161e,PCP20187,SOMERVILLE,MA,02144-1703,0.0,40
4cd7de25-382b-30f8-94d5-e353e3eca86a,PCP20489,DOVER,MA,02030-2451,0.0,134
ccece44c-904d-3542-8de8-ac8618edfbc6,PCP20907,BROOKLINE,MA,02445-4519,0.0,51
291a7431-7eca-35f8-b086-464e4b7ae919,PCP20953,NEWTON,MA,02459-3300,0.0,42
036f1255-5cd0-357e-a68d-80470fb3c7dd,PCP20982,BROOKLINE,MA,02446-5532,0.0,44
91da9782-027f-3fe3-8413-e37ed7a6734d,PCP21107,SHREWSBURY,MA,01545-3446,0.0,28
789d10ff-bb15-37ed-b02a-61eafb978686,PCP21112,QUINCY,MA,02169-7564,0.0,55
e09c66c5-1de5-3b58-b15c-4e14696c0348,AMHERST PSYCHIATRIC ASSOCIATES  LLC,AMHERST,MA,01002-2265,0.0,36
79d518b4-1a2c-3625-95c8-9c2d9840e321,PCP21276,IPSWICH,MA,01938-2550,0.0,22
d6c83c6a-f78f-3e23-a2f4-444f9519d576,HOLLISTON VISION CENTER INC,HOLLISTON,MA,01746-1690,0.0,32
09f69020-aa1e-3bd8-b1f1-9b4534273281,PCP21378,DEDHAM,MA,02026-6817,0.0,36
b3e30964-03f2-3136-8347-255d16f65d93,PCP21436,YARMOUTH PORT,MA,02675-1819,0.0,58
b103772a-6c8a-3a71-90cb-daaf69c66157,PCP21446,WAKEFIELD,MA,01880-2309,0.0,28
eace7fdc-6525-36eb-b0e2-c6773a7acee2,PCP21449,INDIAN ORCHARD,MA,01151-1234,0.0,48
f1d9c9ec-5a62-335f-a680-abce7c7d1d83,PCP21720,PLYMOUTH,MA,02360-2664,0.0,19
6352f08d-6323-3a16-bfb5-205ac0332cf3,PCP21854,ROSLINDALE,MA,02131-3327,0.0,42
2257d28a-d893-39c6-b12b-6fe106d57769,PCP21883,BROOKLINE,MA,02446-3200,0.0,13
572011b1-4787-3e18-a961-1b233d229036,PCP21995,PEABODY,MA,01945,0.0,27
d8b927a2-8e71-3b43-98ae-8ed2c7c724c9,PCP22470,BILLERICA,MA,01821-3757,0.0,60
f18084da-cd20-347a-93a9-f62f748ba19a,PCP22490,MEDFIELD,MA,02052-2317,0.0,72
c622cfbd-4815-3719-800f-81587c87161c,PCP22546,ARLINGTON,MA,02476-4712,0.0,17
b5224693-0819-3f63-9e94-ab96794d5ccc,PCP23079,SAGAMORE BEACH,MA,02562,0.0,55
5bf83e18-ef6e-33a8-ad5b-86cb70b4795a,PCP23572,LOWELL,MA,01854-3571,0.0,40
6bba491a-7eac-319f-9e26-cbb181e1c04b,PCP23856,MELROSE,MA,02176-3859,0.0,32
78a11f16-e161-3dfa-91fa-16af7109cea0,PCP23885,NO FALMOUTH,MA,02556-2821,0.0,76
adde0d12-c941-3ae8-8cd5-1265b40c5c8d,PCP24659,HYANNIS,MA,02601-3006,0.0,63
ee1a65b6-9cdc-32ca-a8ea-8c1b1bfca928,ENCOMPASS CARE COMPANY INC,SOUTHBOROUGH,MA,01772-1777,0.0,54
04c1cc59-11e3-30e5-b317-0bf5e765f3e8,BEACON FAMILY MEDICINE  LLP,IPSWICH,MA,01938-2585,0.0,100
027988f5-9d2d-367f-a9a4-7daafe78bf61,PCP25103,NEWTON,MA,02458-2708,0.0,77
5eeacb40-eaaa-3a42-b208-0b257414c2a0,PCP25231,SHELBURNE FLS,MA,01370-9402,0.0,63
b8d1b8ba-d2b0-32ed-9fa7-baadbb6c7d12,PCP25420,BROOKLINE,MA,02446-4819,0.0,31
10968ba2-75e7-351a-a73a-c37a2a8dfcfc,PCP25544,ESSEX,MA,01929-1300,0.0,16
279b2a85-ab64-3dec-90df-fbca8b479db5,PCP25692,WENHAM,MA,01984-1313,0.0,77
9e165bb2-21d2-32aa-99e7-b20698ef5fd9,PCP25964,FALL RIVER,MA,02720-7211,0.0,23
9345b4b7-b2b7-32f8-bed9-3bbd16c222f8,PCP25982,CONCORD,MA,01742-2422,0.0,50
aac92e78-fb05-349b-ab75-da8d6048352f,PCP26041,CENTERVILLE,MA,02632-2948,0.0,23
72b029e8-8176-3e95-a7f8-ce5f7f47c1cb,PCP26103,LEOMINSTER,MA,01453-5502,0.0,8
43de7525-f2f9-39a9-b8ff-9cba4ef56988,PCP26110,WATERTOWN,MA,02472-1642,0.0,48
a8e7f9f0-013e-3629-bbcd-ff75dcb46e96,ANDREA DIFILIPPO  LICSW AND ASSOCIATES  INC,MARION,MA,02738-1178,0.0,67
e89fc67f-7cf0-3687-bf77-b4afa1a88fd8,PCP26392,GRANBY,MA,01033-9611,0.0,30
43df7bea-4fa3-304b-a1a5-c309a2967b1b,PCP26422,QUINCY,MA,02169-7522,0.0,74
7fb56fd2-71ad-336a-9204-57765bd1e5d4,PCP26624,HAMPDEN,MA,01036-9535,0.0,59
e3b6c45e-c3d3-3382-b40a-efcfe7383eb4,PCP26794,WESTFORD,MA,01886-3530,0.0,15
94ea55a1-4520-3483-8393-6c49f579161d,PCP27013,LYNN,MA,01901-1115,0.0,23
34805064-d372-324d-b653-d6ac57e4a55a,NEEDHAM WELLESLEY FAMILY MEDICINE PC,WELLESLEY HILLS,MA,02481-2118,0.0,43
212fc6d4-5f90-34e6-a67a-c6f69c9c0417,PCP27141,MEDWAY,MA,02053-1815,0.0,44
3fb36410-80f4-3173-b6be-dbcc59d7630d,DERMATOLOGY AND SKIN CARE ASSOC PC,WELLESLEY,MA,02481-7536,0.0,27
12468a38-fbb5-3959-ae6e-68a43a5207d5,PCP27639,CAMBRIDGE,MA,02138-3724,0.0,43
19cbe446-9a91-3340-9772-2eee3a4a1d90,PCP27654,WORCESTER,MA,01609-2505,0.0,51
4e3e5b89-c728-38dc-82d4-9b0cf77a46ab,PCP27697,CHELMSFORD,MA,01824-1726,0.0,23
a3d04652-1fc9-353b-966c-1cfb9d7136f3,PCP28176,MEDFIELD,MA,02052-2900,0.0,104
b173c490-5baf-35ab-aa28-c30ac2c70646,PCP28213,QUINCY,MA,02169-2022,0.0,33
626ac6a6-799e-38db-b942-d21719dfc61e,PCP28308,WELLESLEY,MA,02481-7600,0.0,54
a3f3508a-4ed2-3a9e-8580-0d325e3d3457,STURBRIDGE HUMAN SERVICES INC,FISKDALE,MA,01518-1296,0.0,18
2f00d1cf-c489-345f-9747-16b68f881b70,PCP28434,BROOKLINE,MA,02446-5623,0.0,81
06b674fe-6955-3f39-acbb-8943bc8703ec,PCP28448,MARSHFIELD,MA,02050-1765,0.0,22
f0a83c71-16f4-3828-9956-667d4d9e6ca3,PCP28488,CAMBRIDGE,MA,02138-3828,0.0,32
00312a4d-df26-32b6-9924-683879cffdc8,PCP28711,BELMONT,MA,02478-2574,0.0,70
feb7bab1-f121-357d-ae80-969798e2655c,PCP28820,BROOKLINE,MA,02445-4256,0.0,45
7f2179c9-0575-37ca-824b-927460d5b304,PCP28926,HINGHAM,MA,02043-1760,0.0,32
ad88ea68-1b6a-322b-9f8b-62dc31195ee1,PCP28938,NEWBURY,MA,01951-1721,0.0,9
cded94db-6a8c-3c00-9eca-874e428de7f7,PCP28956,LITTLETON,MA,01460-1279,0.0,67
2c99c7b3-87df-39f4-8394-d3dd1af524c0,PCP29219,BELMONT,MA,02478-4802,0.0,55
751be19f-90e3-3838-a5e4-dd777953ffca,PCP29267,LYNNFIELD,MA,01940-1135,0.0,78
b165f308-d1b5-38a8-9fc8-63091a93f25c,PCP29637,MILTON,MA,02186-4914,0.0,48
22c6b8c5-f2e2-3d8b-8ec4-9eddafe1e56b,PCP29653,GLOUCESTER,MA,01930-6514,0.0,14
c13d88e5-c806-368a-8787-f623d307b61e,PCP29839,COHASSET,MA,02025-1391,0.0,52
4bf8acfd-fec0-350f-ab95-064ffeb59e83,PCP30053,BROOKLINE,MA,02446-3806,0.0,28
4dd393d1-898a-33fd-b593-c338c460ab2d,PCP30070,LEOMINSTER,MA,01453-3472,0.0,70
ff76282f-7968-39c7-82f9-2d86c93990a6,PCP30512,PAXTON,MA,01612-1120,0.0,20
f5015cc3-23f6-3684-9b95-0425c1ba7cd1,PCP30543,QUINCY,MA,02171-1026,0.0,35
0900c1a2-5e32-3df6-8961-d25870bbc4a7,PCP30650,CAMBRIDGE,MA,02139,0.0,54
ac06e0ac-ff61-30aa-9a9d-7856c2a6495c,PCP30726,SHEFFIELD,MA,01257-0274,0.0,55
4340823b-9e04-3a18-8e3b-cb37efc88f13,PCP31054,BELMONT,MA,02478-1064,0.0,2
e613f5a1-7588-3efe-8701-fa9baf3241ff,PCP31073,REHOBOTH,MA,02769-2034,0.0,102
7084b460-d99c-3d71-81dc-09913a4624c9,PCP31586,BROOKLINE,MA,02445-3305,0.0,56
6dc4576a-e9ae-3552-8f3f-d28a630c97f6,PCP32000,BELMONT,MA,02478-4054,0.0,14
0154718e-fb2d-3969-bbf8-045641fe7dc9,PCP32178,EASTHAMPTON,MA,01027-1052,0.0,49
b37dbacb-fbfd-350a-861b-2dd23f3c83fc,PCP32238,BROOKLINE,MA,02446-4808,0.0,80
77338540-3195-318a-a469-84b640b1327a,PCP32415,CAMBRIDGE,MA,02138-3827,0.0,47
e7be2bea-4a1b-3bac-9874-3b149652461a,PCP32467,LINCOLN,MA,01773-1710,0.0,79
fbccf53b-48a0-3c7e-8941-05f822feca1d,PCP32474,AMHERST,MA,01002-1220,0.0,36
b81ddc7b-030c-3fa7-acf6-4ae14c4a447e,PCP32963,WESTPORT,MA,02790-3427,0.0,86
0cfee501-e8b2-366f-aaed-72911a8c9aae,PCP33028,ANDOVER,MA,01810-3700,0.0,40
b1516ff8-952b-3f90-a485-e43e29cbf469,PCP33041,SOUTHBORO,MA,01772-1614,0.0,52
e876a3ad-58b1-3a77-83fa-dba55f82c01d,PCP33049,MATTAPOISETT,MA,02739-2626,0.0,30
80a83701-6fab-3811-8448-65809f8fae7c,PCP33402,EASTHAMPTON,MA,01027-1419,0.0,39
c8237a24-4ce9-3ecb-8b16-fb6459c8bc7a,PCP33589,MARBLEHEAD,MA,01945-2329,0.0,30
b78de2f3-f0d7-3905-a692-7c3144d5b11b,PCP33757,SOMERVILLE,MA,02144-2207,0.0,31
301d5907-62a2-32bf-94c9-0db2811289cf,PCP33764,NEEDHAM,MA,02492-2520,0.0,56
ef831c39-d039-3c01-8791-2c0344a389a8,PCP34056,DUXBURY,MA,02332-5028,0.0,42
266f0172-9a04-3eca-9102-72702a2afff4,PCP34346,BRIGHTON,MA,02135-2905,0.0,28
be96eec8-d9d1-3f00-84d7-647bf90d9a0d,PCP34429,SANDWICH,MA,02563-2339,0.0,30
5c8e0ace-7702-3ba5-b4ed-81763272a2ba,PCP34722,BELMONT,MA,02478-5023,0.0,18
6ccb2ecf-9547-38e7-8c26-ca43a891df53,PCP34724,CAMBRIDGE,MA,02138-5665,0.0,23
47a48a73-79df-32e6-8596-dfd44f2279e9,PCP34730,BRIDGEWATER,MA,02324-3152,0.0,45
d3a1a143-6c5c-38fb-bfb5-fb60d2fd1198,PCP34941,LOWELL,MA,01854-3548,0.0,86
0d6269d7-d51a-3bf5-ba28-ad4090e2a88f,ORTHOPEDIC TRAUMA P.C.,MILTON,MA,02186-3874,0.0,38
5f3a820c-2d15-32cf-85d7-b7dbf71cf3c9,DARTMOUTH DERMATOLOGY ASSOCIATES  PC,DARTMOUTH,MA,02747-1257,0.0,45
0f0b00f3-4ad6-3852-b2e1-9195dbff8843,VANTAGE SPORTS AND REHAB  LLC,PALMER,MA,01069-1232,0.0,39
e2c63b97-bebc-31b1-ac8b-72ace3547669,BILLERICA CHIROPRACTIC OFFICE P.C.,BILLERICA,MA,01821-1023,0.0,35
78e33fa6-7b7b-3e06-a0ad-1287b3e05a53,PCP35508,WOBURN,MA,01801-2012,0.0,26
31de0e39-9682-38e8-8141-57854071efca,PCP35738,BELMONT,MA,02478-4457,0.0,51
5e2e79df-a14a-3119-ad13-3250b291d079,ENT SURGERY ASSOCIATES LLC,CAMBRIDGE,MA,02138-1040,0.0,34
fa49fc8d-ba48-3c45-89b7-ac0fb597bbe8,PCP36132,WRENTHAM,MA,02093-1223,0.0,71
ae4a7e33-3d01-3494-9465-28d1f847ebd3,PCP36546,MANSFIELD,MA,02048-1257,0.0,9
9a29c81a-8036-3cab-a1a9-bcc489911c38,PCP36628,WINCHESTER,MA,01890-3434,0.0,25
e1b7ca2e-4615-31bb-a9bd-bccf6992805c,PCP36770,NORTH DARTMOUTH,MA,02747-1257,0.0,2
3ad44914-0d76-3fe5-a307-dcfd45d2b957,PCP36795,LAKEVILLE,MA,02347-2127,0.0,48
d89a8f94-0755-3988-a0d4-64bb37fd705c,PCP36966,SHELBURNE FLS,MA,01370-1036,0.0,77
89d082fb-111c-335d-8d32-b12514b87b6a,PCP37268,HADLEY,MA,01035-9595,0.0,19
28116bd7-a744-3fde-a773-fd157dec3b8e,PCP37438,NORTH ANDOVER,MA,01845-2840,0.0,17
3a8fa4ca-d3b1-3e18-8ea7-f00375ef6cae,PCP37941,WALTHAM,MA,02453-2717,0.0,24
65f6b1f8-b62f-38c3-91d0-6407eebe5018,PCP38075,HADLEY,MA,01035-9529,0.0,31
daad70f0-5913-38ff-af69-3e160a44b949,PCP38272,DRACUT,MA,01826-1929,0.0,24
159f077a-8598-357d-99e1-0b32412cd0fd,PCP38793,MILTON,MA,02186-3877,0.0,103
07a51772-6382-3b4c-a26f-98eea54008f6,PCP39009,NEEDHAM,MA,02492-2524,0.0,28
f345af4f-408c-39b9-a1c2-8a4e279b95a7,PCP39308,STOUGHTON,MA,02072-2571,0.0,25
8f8511a3-705e-341a-b7b8-b536f9fb376f,PCP39336,WINCHESTER,MA,01890-4303,0.0,28
b9dd3b5e-1247-345c-a155-791443c5b6c6,PCP39431,CAMBRIDGE,MA,02139-1955,0.0,34
866f38cd-af49-36c2-a073-ee031c7609cd,READING FAMILY MEDICINE PC,READING,MA,01867-3270,0.0,60
819507f6-772a-3a2c-ac1d-d6b806531744,PCP39516,E WAREHAM,MA,02538-1354,0.0,72
c6fe2b4a-f184-3c12-9d41-e5170bade8d6,LEGACY FOOT AND ANKLE SPECIALISTS,CAMBRIDGE,MA,02138-1040,0.0,55
f7abeb22-2b95-34af-9439-27b8ea1cae83,PCP39827,LEXINGTON,MA,02420-4000,0.0,42
d7951884-93b0-3a1c-b974-ae7f4f5efaa7,PCP39859,CHICOPEE,MA,01020-1968,0.0,31
830037f6-93ec-346b-b051-87d94c39dae9,PCP40406,WORCESTER,MA,01609,0.0,58
af3e790a-cc07-34dd-acb8-4a3016ffd573,PCP41056,STONEHAM,MA,02180-3623,0.0,42
06c76384-ce24-3fb6-bcb5-b9598c32e8de,PCP41344,HOLYOKE,MA,01040-5370,0.0,36
42c76589-92ec-356a-8599-89397f00f6fb,PCP41907,EASTHAMPTON,MA,01027-4100,0.0,67
b76d86f7-5e55-3d50-b910-2491c1a39d6a,PCP41983,SCITUATE,MA,02066-4533,0.0,52
4275b879-db32-3e45-9bc3-eb47f70e3f1d,MOBILE MEDICAL GROUP MA PC,LAKEVILLE,MA,02347-1370,0.0,91
637e6816-f8ff-3e5a-9b69-bd9f7cc56ab5,PCP42922,QUINCY,MA,02169-0908,0.0,82
188537ad-f726-37c2-bcb1-b91c39d40de3,PCP43350,LONGMEADOW,MA,01106-1769,0.0,77
737ae7be-959b-3c7f-b998-de3c90996c38,PCP43589,EVERETT,MA,02149-5066,0.0,21
99b48a5d-5659-30c3-883c-56f603e6f196,APPLETON EYE ASSOCIATES PC,AMESBURY,MA,01913-2823,0.0,63
945768aa-2200-3476-b042-993a9df74c65,BACK TO YOU PHYSICAL THERAPY AND SPORTS MEDICINE INC.,SHERBORN,MA,01770-1546,0.0,40
00b14d27-ca1c-33b6-ab79-b636bf184d1a,PCP44286,MENDON,MA,01756-1090,0.0,80
f60d122d-af1c-3d1c-a013-f84d8a8679a8,PCP44430,MARION,MA,02738-1166,0.0,55
8a31a7a3-30cb-3cd9-8baa-025cae6f4e4c,PCP44938,SHARON,MA,02067-1920,0.0,38
80ea88c5-1c0c-32d9-9fc5-f53bac050baa,PCP45035,W SPRINGFIELD,MA,01089-2742,0.0,90
359e389c-56a9-3207-8a8a-b4876a4bfeb6,PCP45308,TAUNTON,MA,02780-3251,0.0,54
2a886da0-ab8b-32cf-9012-9e94965607fd,PCP46317,BREWSTER,MA,02631-1906,0.0,28
d8cc6aac-9258-346b-83e6-7a5e49bc2a60,PCP46601,WALPOLE,MA,02081-2553,0.0,29
223bac2e-df65-32f8-ab52-a8b064c00f15,PCP46659,WESTPORT,MA,02790-4100,0.0,25
6c2013b7-77eb-32f4-9972-7453fe220466,PCP46725,NORWOOD,MA,02062-3315,0.0,77
f34ed325-cb86-3ac3-ae08-6febb2cbd26f,PCP47573,DEDHAM,MA,02026-6817,0.0,34
57af70ba-946b-3109-89a8-82481c300705,COMPREHENSIVE PHYSICAL THERAPY  PC,LEICESTER,MA,01524-1313,0.0,142
afbcb709-9e27-302a-bfe7-b9d7e6872267,HEALTH INDEPENDENT PROVIDERS INC,LAWRENCE,MA,01841,0.0,51
6dffe5a9-5380-3a07-98c8-5e9ba17bd7f6,CUMMINGS PHYSICAL THERAPY INC,REVERE,MA,02151-4543,0.0,2
08ea9944-dc3a-39c6-8d79-bdca0c94746e,SOUTHEAST REHABILITATION ASSOCIATES  P.C.,NORTH DARTMOUTH,MA,02747-3729,0.0,28
d4e4e2cd-c929-3607-abd6-ba4e16d2097a,PCP48748,CAMBRIDGE,MA,02139-3071,0.0,51
a0e3f669-d53f-3554-a7d5-144f422a342b,PERFORMANCE PHYSICAL THERAPY INC,CHELSEA,MA,02150-2336,0.0,22
c78fd2bf-1131-389d-a75a-c5d3f7b1b8ef,JOHN F YEE  MD  PC,EVERETT,MA,02149-3743,0.0,28
de5903f8-3276-375f-8488-2ac9b0fe28c7,PCP51609,RAYNHAM,MA,02767-1973,0.0,67
bba13c6a-577a-3c8c-9bff-c4e2a1655d07,GEORGE SVAJIAN PH D AND ASSOCIATES INC,RAYNHAM,MA,02767-1973,0.0,46
d8cd2410-bbcb-3665-98f9-6ea59a8690f4,CENTRAL MASSACHUSETTS PHYSICAL THERAPY AND WELLNESS LLC,WEST BOYLSTON,MA,01583-2373,0.0,33
cb17710f-49d2-3153-8939-a3043324d616,PCP53423,BELMONT,MA,02478-2525,0.0,30
1c064e6a-e1a5-3124-b294-68ae3a9d6487,ALL-ACCESS PHYSICAL THERAPY  INC.,SHREWSBURY,MA,01545-3303,0.0,20
3bdd7318-5a9c-3ecf-ba3e-7163a602bdf4,PCP53831,WESTPORT,MA,02790-5031,0.0,17
703674b2-fc4a-32a4-899e-a58c00af3ffd,PSYCHIATRIC ASSOCIATES OF MALDEN  P.C.,MALDEN,MA,02148-3900,0.0,34
54c733e3-c0ec-3003-aaf8-0e5675ac6894,PCP54814,HOPKINTON,MA,01748-1516,0.0,19
cd69cf35-5b86-3925-8432-4052e884328d,LOWELL ANESTHESIOLOGY SERVICE INC,METHUEN,MA,01844-4550,0.0,30
f559b8ea-5718-3dfc-ba9e-c6e0f84b3aa8,PCP55764,AYER,MA,01432-1177,0.0,36
6581392f-f0ae-34ae-a479-f66c20ece551,PCP56274,BEDFORD,MA,01730-1424,0.0,83
1a7f5263-8fb4-3a32-8745-85a9f12d66bc,PCP56490,READING,MA,01867-3611,0.0,76
5d6e3168-eea5-3184-a442-bf114b39f29b,PCP56543,AMESBURY,MA,01913-1831,0.0,36
f93e59e2-c0e4-3118-a1c2-3234c6dde120,CHARIS CENTER SOUTH  INC.,EASTON,MA,02334,0.0,130
dfee549c-64ff-3b59-9215-0321df1cf40f,ORTHO SPORT PHYSICAL THERAPY INC,EAST BRIDGEWATER,MA,02333-1215,0.0,86
73288f92-dc03-37c3-9020-b1a8ba81da0a,PCP57396,UPTON,MA,01568-1576,0.0,56
9f93ce79-1f78-3d61-8ab8-8a5a8e144024,PCP57530,SOUTH DEERFIELD,MA,01373-9726,0.0,28
b0c10db6-0961-3327-98c1-ec76e3602c60,FITZGERALD AND THEOHARIDIS PC,S YARMOUTH,MA,02664-1863,0.0,26
6909b0b6-1423-3aee-b9c9-c089fbfe26fb,PCP58043,STONEHAM,MA,02180-1251,0.0,34
9ed84dec-369d-3dfd-89f7-3e6a4d6647e7,JOHN J WEITER MD PC,METHUEN,MA,01844-4662,0.0,2
7c2ca218-6216-3fba-a44f-d91e291ac173,PCP58326,GREENFIELD,MA,01301-3599,0.0,43
60ff6a54-c97b-3af7-8e7a-84df868cb747,DR. GINO MERCADANTE  P.C.,LUDLOW,MA,01056-2772,0.0,28
214935b6-3ba3-31a9-9d96-56095ee9654a,PCP58532,SOMERVILLE,MA,02144-2530,0.0,76
0c2ebd4f-fe13-37a8-8e58-8496d000eb76,CENTER FOR ORTHOPEDIC REHABILITATION INC,SANDWICH,MA,02563-3012,0.0,34
c962cb5b-e9dd-3abb-b42a-aac2fb498f27,STEVEN I. KORNBLEUTH,MELROSE,MA,02176-2710,0.0,37
1c0908f9-695a-32d9-80d2-eac924de1b99,BLUE HILLS MEDICAL ASSOCIATES,BRAINTREE,MA,02184-2410,0.0,31
a3b850f7-4b96-35a3-851f-9073e10671a0,PCP60163,NORWELL,MA,02061-1729,0.0,36
fa340249-2990-3217-9d24-d69a3c55b349,PCP60243,SHELBURNE FALLS,MA,01370-9705,0.0,85
3fb229e1-1a93-398f-be04-c2b2c3cdb1a6,BLACKSTONE VALLEY PHYSICAL THERAPY SERVICES INC,WHITINSVILLE,MA,01588-2068,0.0,29
a0e774d7-0569-3995-9245-5b99c3f73daf,PCP61076,CAMBRIDGE,MA,02138-1336,0.0,5
f7d09361-3f06-3381-881d-104239e98d7d,MOSS GROUP INC,BEDFORD,MA,01730-2832,0.0,29
841c16ad-a4dd-3d41-8227-d8202c5699fa,WESTPORT CHIROPRACTIC  INC,WESTPORT,MA,02790-2819,0.0,13
9473c85d-4979-35a3-bf0f-58a99b1f8d23,YARMOUTH MEDICAL CENTER  LLC,SOUTH YARMOUTH,MA,02664-1238,0.0,44
3318f35e-2b30-3a08-bc2e-94e948d8e6de,M AND W PARTNERS INC.,TAUNTON,MA,02780-1086,0.0,55
32dd69c8-377f-3760-b969-8742d583217e,PCP63830,MILTON,MA,02186-3878,0.0,26
8ec3c125-a4ac-3872-9307-91817e2979e7,OPTOMEYES HEALTH PC,DARTMOUTH,MA,02747-1242,0.0,22
8383a576-10a5-37f6-9707-3c88bf1c9b9a,PCP64932,LEXINGTON,MA,02420-4320,0.0,62
f5c2ed46-d994-33c7-bc9e-c723b8ad24a0,PCP65005,REVERE,MA,02151-3200,0.0,46
0550ebd4-1fd6-3068-a3c9-e6cbfe2ea146,PCP65148,PEMBROKE,MA,02359-2514,0.0,62
9a6ddcfe-fa78-3033-92f3-bfe30afe0845,PCP65206,BROOKLINE,MA,02446-6439,0.0,31
61b47b41-0b19-3bc0-99d3-b58924900135,PCP65277,EASTHAM,MA,02642,0.0,70
6c993ad4-f4e5-3689-8458-3f8ba95283d7,PCP65395,LEXINGTON,MA,02421-5222,0.0,62
aceabb62-e1a4-37da-841e-19ec59436fd2,SANPHY PODIATRY GROUP  INC.,LYNN,MA,01902-3315,0.0,24
52e8e01a-31f8-3c1a-bb3c-783c917e9a99,PCP66077,BELMONT,MA,02478-1064,0.0,20
8e662a33-d8ee-3fbf-9c2f-9cfdf393cb93,PCP66387,NORTHAMPTON,MA,01060-3479,0.0,59
e1dd252d-d33c-3a78-9a47-54bbd24ecb67,K FRANCIS LEE MD PC,SPRINGFIELD,MA,01107-1145,0.0,25
c6a327fe-5ddd-36b0-a4e0-8c0e358f4d9c,PCP66537,DORCHESTER,MA,02122-2921,0.0,63
5db9c918-9e4d-38bb-a94c-2c031fcb6fb0,CRABBE CHIROPRACTIC  INC,ACUSHNET,MA,02743-2772,0.0,108
61319efd-e5f0-3906-b925-328678f48c5b,PCP66618,LYNN,MA,01901-1050,0.0,116
050491a4-3790-33f7-ab00-ac2c99fb8e1d,PCP66681,LONGMEADOW,MA,01106-1767,0.0,36
61e5780f-a04f-3d6c-baca-b734ea80f00c,PCP66707,BROOKLINE,MA,02445-5846,0.0,11
5299f972-1486-3d32-8a58-3456066e2bdf,PCP66739,CAMBRIDGE,MA,02139-1839,0.0,28
69709c36-f1c4-34fe-b5c8-0d9a5eda5d75,PCP67309,WABAN,MA,02468-1722,0.0,70
04b0900a-2ae4-3360-b9a5-1b3eb2bdd8a2,PCP67456,PELHAM,MA,01002-9766,0.0,73
71eb37ec-c5d2-3811-b4a4-833a12704462,CHARLES M COLLINS MD LTD,SWANSEA,MA,02777-4114,0.0,119
c1414e2c-48df-3428-92a4-ac36114a2a45,ORTHOPEDIC AND SPORTS PHYSICAL THERAPY OF CAPE COD LLC,EAST HARWICH,MA,02645-1316,0.0,80
54f5a32c-aa15-36b7-bab5-cb7540869590,PCP67651,BROOKLINE,MA,02446-2772,0.0,46
1cc34d61-b250-3437-ace1-9a8ea4523eb6,PCP67662,STOUGHTON,MA,02072-3396,0.0,69
e5ec9cfd-a9f4-3ae8-bd09-387586f21eaf,CHIROPRACTIC HEALTH CENTER LLP,WHITINSVILLE,MA,01588-2125,0.0,47
a534ae51-33ef-3930-830e-5bf06c15594c,PLEASANT VALLEY INTERNISTS PC,METHUEN,MA,01844-4547,0.0,44
58fe1815-1e8a-38ed-a91a-17d4ef18c8d8,PCP68975,ASHLAND,MA,01721-2115,0.0,40
935fc47d-45de-380c-a42c-3f3cac84744f,PCP69056,YARMOUTH PORT,MA,02675-2171,0.0,24
aba5ea9a-2f37-37e1-8315-87e720f702e1,PCP69286,WEYMOUTH,MA,02188-1704,0.0,14
a900d50b-71a9-377d-9aec-3a8f84bd2de9,PCP69376,LOWELL,MA,01852-1915,0.0,56
b96b54b3-7d8d-3077-aa48-3ceea6fe6d99,SOUTH SHORE SPORTS AND MUSCULAR THERAPY  INC.,QUINCY,MA,02169-0907,0.0,33
9e0ab3c4-6a7a-36bc-b190-7ab958f01774,PCP70214,BURLINGTON,MA,01803-3741,0.0,37
d6285fcc-e90f-3c92-bcc2-e17bcc40935f,ROBERT F KELLIHER MD,WALPOLE,MA,02081-2954,0.0,52
0ea7ecd8-bfa7-346b-9c59-f85cd15618bd,PCP70815,CHELMSFORD,MA,01824-3046,0.0,18
8b607111-30ff-3014-bf43-3a9d61993538,CHAMPIONSHIP PHYSICAL THERAPY LLC,WINTHROP,MA,02152-2902,0.0,49
138270f4-99ee-394e-ba4a-b7ea1cd0c17d,PCP71352,SOUTH HADLEY,MA,01075-1532,0.0,32
8cd3f2d3-de14-32c6-8ca6-3c92915bc860,PCP71855,EAST LONGMEADOW,MA,01028-3119,0.0,5
e9737a9f-08f2-3517-b317-f4f359849230,PCP72127,SOUTH DEERFIELD,MA,01373-9752,0.0,66
363e8d5d-0430-3d82-b469-508677d077fa,PCP72155,SOMERVILLE,MA,02144-2919,0.0,38
0bdf4a19-6491-3b38-8d17-459c379c9d5a,PCP72336,ROCKLAND,MA,02370-1067,0.0,86
df5a72fa-fb57-3a95-b115-665b3e2f0aa3,PCP72587,SHREWSBURY,MA,01545-3601,0.0,41
14bf92bb-7bf3-351b-8bd4-c2bc05eb8932,PCP73221,WESTON,MA,02493-1161,0.0,15
9604cfb0-e35b-3b6a-a4de-c3c6efdf47eb,PCP73302,FITCHBURG,MA,01420-5370,0.0,36
8a9d5b41-81ca-33b4-af24-d5ecf7583be4,PCP73856,WESTFIELD,MA,01085-3554,0.0,99
7e16c9b9-bbfd-3394-9571-56ab9653675f,PCP73989,GLOUCESTER,MA,01930-5726,0.0,18
5e912b42-5e81-3ad7-81e3-1dd00ab5320a,PAUL E GREENFIELD,WINTHROP,MA,02152-1064,0.0,22
4086dff6-39dd-3878-ae27-9867eaea4788,ESSEX ORTHOPAEDICS AND OPTIMA SPORT MEDICINE PLLC,METHUEN,MA,01844-4597,0.0,38
47daa3df-3877-3c51-916b-d6650d378c50,PCP74713,YARMOUTH PORT,MA,02675-1843,0.0,62
12ace70e-91ed-35c1-a943-afb8f4976c0e,PCP74715,SALEM,MA,01970-2141,0.0,38
695922cf-a61e-3605-bdb9-16b8df793c09,PCP74784,CANTON,MA,02021-1145,0.0,30
901b8ebe-f338-3aa4-8cce-5fe855e466c2,PCP74870,LONGMEADOW,MA,01106-1760,0.0,69
a9ca5601-5c6e-3d00-90bf-df4fbb005e53,PCP74901,AMESBURY,MA,01913-3536,0.0,36
b434688a-d070-3209-8b6b-cf0f67db2a76,PCP75023,BURLINGTON,MA,01803-3766,0.0,44
059a3a8a-2025-38e9-ae56-b6449adbd753,LC HOLBROOK  INC.,STOUGHTON,MA,02072-1530,0.0,55
4cb17abf-8742-3ee7-a704-80e14d589049,RETINA CONSULTANTS OF WORCESTER PC,LEOMINSTER,MA,01453-2238,0.0,51
784f7070-3603-3051-b960-8ec5b78b0e71,BOSTON SPORTS MEDICINE INC,SOMERVILLE,MA,02144-2950,0.0,29
25aa4b67-e34a-350b-aa84-1e31388dcabb,ASSOCIATES OF SOUTH SHORE DERMATOLOGY LLC,MILTON,MA,02186-3926,0.0,87
c9ee466e-37ff-37fb-a2fc-320a07a44f22,PCP78408,FALL RIVER,MA,02724-3516,0.0,40
943b5d2a-5ed8-3cf7-bd80-656578aa1544,BOSTON SPORTS MEDICINE INC,MARBLEHEAD,MA,01945-1576,0.0,102
fb28cf4c-955b-32c7-906e-4b9ad6f5678a,LC HOLBROOK  INC.,HOLBROOK,MA,02343-1111,0.0,63
4280a520-966f-3a69-8f11-b1cd1079f1a9,PCP80065,SOMERVILLE,MA,02145-3811,0.0,61
96a4bbba-d12a-367e-b635-a7df9440999b,PCP80251,DARTMOUTH,MA,02747-3319,0.0,84
f4f12501-41cb-31cf-870b-ebc86d930490,PCP80545,WHITMAN,MA,02382-2436,0.0,33
d9aed10c-3655-3a5f-8727-ddb14d964cf0,PCP80782,NORTON,MA,02766-2100,0.0,35
ae14cb98-56a5-3fb9-bc6f-d3d9949e958c,PCP80958,HARWICH PORT,MA,02646-1324,0.0,82
6069f204-87ec-36e2-a5f6-da4a54993f39,PCP81196,DUXBURY,MA,02332-5311,0.0,55
4cd201cd-7818-30c7-8e64-a5374bf715f4,PROVIDENCE DIAGNOSTIC IMAGING INC,HOLYOKE,MA,01040-5381,0.0,34
0507f525-c041-34d0-b731-f39f2b7239c0,PCP83022,NORTHFIELD,MA,01360-9668,0.0,72
3b5067a8-36ad-367c-b73e-2b6220a5f290,PCP83090,SOMERVILLE,MA,02144-2758,0.0,51
961679fb-f4aa-32ef-ba4b-bb077bf57fe9,NEWTON WATERTOWN DERMATOLOGY ASSOC. PC,BRIGHTON,MA,02135-3511,0.0,29
2fd69f6a-d011-3e4e-9fb6-39710404a5d5,PCP84277,WATERTOWN,MA,02472-4002,0.0,34
9c38597b-9549-3a65-86c5-860c4da55416,BERKSHIRE EAR  NOSE  THROAT AND AUDIOLOGICAL ASSOCIATES  P.C.,NORTH ADAMS,MA,01247-2566,0.0,34
7f6341b2-3ab4-37ae-b833-afe966d59f0b,LEADER EYE ASSOCIATES INC,ROWLEY,MA,01969-1754,0.0,48
ba301273-7799-3ab0-a3dc-3a82f2976996,FAMILY PRACTICE GROUP PC,ARLINGTON,MA,02476-4812,0.0,55
5403f5d8-1960-3afc-9984-4b70c279b6bc,PCP87371,WILBRAHAM,MA,01095-1189,0.0,24
93e8734d-d9a1-3972-ba46-476f89b58e23,PCP87702,WATERTOWN,MA,02472-4411,0.0,34
909a0f76-d1bc-3354-a883-82d002a29123,LYNNFIELD PSYCHOLOGICAL ASSOCIATES  PC,LYNNFIELD,MA,01940-2514,0.0,69
9dd6b488-2cc9-3383-a460-09a6523ce78c,WESTON PRIMARY CARE  PC,WESTON,MA,02493-1568,0.0,88
c5b7a5d1-49d5-3043-8052-33c7752205f8,VALLEY PODIATRY ASSOCIATES PC,SOUTH HADLEY,MA,01075-3000,0.0,28
222b33ea-4ace-33a6-bb73-3121c9c895bd,PCP89589,DENNIS,MA,02638-1906,0.0,53
ea04cb4f-a20f-3ae3-a938-79a5ffb2cc86,PCP90191,REVERE,MA,02151-3211,0.0,50
fafc870c-ada6-3652-9533-a5acdbd24682,EYE EXAMS  LLC,PEABODY,MA,01960-1606,0.0,34
cc6052ce-f62f-373b-a41b-3391c6380d42,PCP90763,RAYNHAM,MA,02767-5512,0.0,63
e7e7988e-fe55-37a3-b30a-319750935576,PCP90833,MIDDLEBORO,MA,02346-1462,0.0,41
ae0aabc7-f4e2-3ead-9017-53c0f05ab7ad,PCP91224,CAMBRIDGE,MA,02138-1040,0.0,41
c7aa0e46-5ba7-31a2-8c89-a6080f4a0b69,PCP91229,DEDHAM,MA,02026-4530,0.0,74
187674f4-8252-314f-a97c-d80acf51d977,PCP92449,HAMPDEN,MA,01036-9552,0.0,54
87f6941d-90f6-3c1d-b443-4038458cf8d7,PLATINUM PHYSICAL THERAPY  INC.,ASHLAND,MA,01721-1464,0.0,34
d93d9c2a-5017-3d3f-a05d-4daf23bcf3a8,NEW ENGLAND HAND ASSOCIATES P C,MILFORD,MA,01757-1750,0.0,52
66745ade-e31f-39c0-8f61-f93f8419465b,MARK ROMANOWSKY MD PC,LOWELL,MA,01852-1317,0.0,6
f9d686d4-0133-30a3-ab72-80c9e93921f4,PCP95496,HOLBROOK,MA,02343-1111,0.0,41
c0dab828-5db5-3e9f-8529-cf7dd1d1ed33,PCP95658,CHELSEA,MA,02150-2326,0.0,97
a0c4098e-a8bd-3eee-a82a-3e72b621ff70,PCP96205,SWAMPSCOTT,MA,01907-1835,0.0,136
7138b31f-5167-349c-950b-c3a73efb3e63,PCP96589,RAYNHAM,MA,02767-5306,0.0,31
5be1c847-bf4c-3f57-a0fb-57ea06b4ee9c,PCP97011,MIDDLETON,MA,01949-2209,0.0,55
d141d0e1-558a-317e-9bae-6c1f1122f9d5,PCP97080,PLAINVILLE,MA,02762-2271,0.0,65
5831f9cb-f38a-3538-91f3-b13f7e878e35,STURDY MEMORIAL HOSPITAL INC,ATTLEBORO,MA,02703-0963,0.0,16
cc863f58-7648-318b-850e-e33deb004bff,BOSTON MFM LLC,BROOKLINE,MA,02445-7224,0.0,28
2cec517a-bc09-335a-a623-44404cd50356,PCP98121,LYNN,MA,01902-5001,0.0,87
f50505f7-5a79-34ce-97ed-4588ae61339e,PCP100246,GREENFIELD,MA,01301-2001,0.0,41
5c185a88-b90c-354a-a23f-e7a9d35bcb4a,PCP100653,WELLESLEY HILLS,MA,02481-6227,0.0,14
9265b9e0-9d1d-3b31-ba11-432886a3f892,PCP100846,SHREWSBURY,MA,01545-2932,0.0,19
70397bc9-1f2c-36a3-b38e-e8c63713c138,NEWTON-WELLESLEY UROLOGY  PC,NEWTON,MA,02462-1650,0.0,38
45e3dc42-f06c-3d8f-82eb-9295d72c5f17,PCP103995,SPRINGFIELD,MA,01107-1272,0.0,15
1832b70f-c3fa-34c2-be72-cda87ae32067,PCP104708,FEEDING HILLS,MA,01030-2133,0.0,24
1977f8c2-6ece-3f46-8c60-b5961bb867a9,PCP104777,QUINCY,MA,02169-4073,0.0,79
9bd38783-68f3-30de-997c-444715e0ad0b,HIGHLAND SURGICAL ASSOCIATES LLC,DORCHESTER,MA,02124-5615,0.0,33
1df56535-d4b3-3192-8c29-36f122fccab6,PCP105554,HUDSON,MA,01749-2735,0.0,30
2a4518d8-7014-3404-b2e9-1c30c76b6a12,OUTBACK PHYSICAL THERAPY  INC.,SOMERVILLE,MA,02143-1650,0.0,115
0cd03411-0b0e-327d-aea2-d9b426ac1d67,NEUROSURGERY CENTER OF SOUTHERN NEW ENGLAND  PC,DARTMOUTH,MA,02747-1242,0.0,43
99157068-4f0d-3906-8723-d8b7fda349f5,PCP107381,DRACUT,MA,01826-3324,0.0,42
4efb4d4a-24b3-3a91-a868-34556b4fd48f,SYNERGY HEALTHCARE CORP,FAIRHAVEN,MA,02719-4013,0.0,27
53ea9af5-720e-39f5-a6f3-0d886b4d4570,DELUGAN  THURM AND ASSOCIATES OD PC,BRAINTREE,MA,02184-2410,0.0,71
c08cb75a-968e-36f7-bd5d-6ab7ee2d3400,DERMATOLOGY ASSOCIATES PC,FOXBORO,MA,02035-1472,0.0,184
67f862f0-9a48-3bf8-a95b-cde4979ae062,PCP112182,SAUGUS,MA,01906-3143,0.0,83
251b553d-8815-30b0-8abc-e4360a958baf,PCP113191,MEDFORD,MA,02155-5066,0.0,29
f27325c3-584b-30c3-860e-c8965912aeee,PCP113494,SPRINGFIELD,MA,01104-2361,0.0,28
f3c92c5a-a2a0-34fe-8d67-793ac6df4b9b,PCP113521,BOSTON,MA,02131-1000,0.0,94
aeb088d2-fff9-31fa-a081-aef2d585e089,PCP113549,WESTPORT,MA,02790-4398,0.0,23
d9242200-7588-3df0-8ff0-61a45b07c487,PCP114043,ACUSHNET,MA,02743-2750,0.0,86
9f599d0e-3035-3db9-9499-4283ae8eaf70,PCP114087,CLINTON,MA,01510-1037,0.0,27
630fd121-46d1-30e7-8a66-d5c08d43ec93,PCP114518,ARLINGTON,MA,02476-4738,0.0,54
492d0ba4-6fa5-3c26-be48-daf9308caf55,SOUTH SUBURBAN GASTROENTEROLOGY  PC,SOUTH WEYMOUTH,MA,02190-1547,0.0,12
b96d72a6-2414-3527-9421-a4b40d4b721d,SOUTH SHORE INTERNAL MEDICINE ASSOCIATES INC.,MILTON,MA,02186-3881,0.0,17
3580b164-4e83-307a-a5db-ca8085101d58,PCP115032,STONEHAM,MA,02180-2416,0.0,19
5445cc47-4b0f-37a6-9223-418b20a0693f,PCP115864,SOUTHBOROUGH,MA,01745-1029,0.0,44
738bdee1-1f15-3f3f-8c85-7b2570a42796,PCP116017,SALEM,MA,01970-2100,0.0,31
9a6b5abc-68be-3ee9-a7d4-52f615318596,HIGHLAND SURGICAL ASSOCIATES LLC,MILTON,MA,02186-3801,0.0,69
684cad81-eace-39f3-b257-01556300c06f,PCP117098,CANTON,MA,02021-1940,0.0,39
df307868-cb89-31d5-8894-1ddbc7f7fbda,PCP118039,STOW,MA,01775-1190,0.0,8
49bf5812-29f3-32c7-88de-329eb3864885,PCP118875,SOUTHWICK,MA,01077-9829,0.0,30
03b9694a-0380-3bb4-9878-4b260179ef63,PCP119133,DEDHAM,MA,02026-6704,0.0,93
28107b63-8bb1-382e-8d00-ecb2cc3be277,PCP120265,LOWELL,MA,01854-2109,0.0,20
4fef7da2-d425-37a0-a7fc-4ed10f6afc68,BROADWAY PHYSICAL THERAPY  INC.,REVERE,MA,02151-1234,0.0,104
2730d749-fd01-33e4-a950-72b30169c510,PCP121391,BRAINTREE,MA,02184-5370,0.0,26
a1331f5d-b18b-318a-b376-81d14db5983f,PCP122892,PEPPERELL,MA,01463-1561,0.0,34
0a572805-ad5e-3d69-afb6-d0e3f43bc3ff,PCP123493,AMHERST,MA,01002-3379,0.0,29
fb10e721-8a1f-38a9-881b-665feabd8832,PCP123934,SWANSEA,MA,02777-4102,0.0,37
3426fe3e-287b-367e-a7d6-3e15d813a736,PCP125534,WOBURN,MA,01801-7232,0.0,44
ae072d0e-0be7-3627-ad1e-8be87110de63,PCP126432,BEDFORD,MA,01730-2208,0.0,82
6eb642c6-9c0d-35a4-af6d-a29b6bf0f59e,MANHAN INTERNAL MEDICINE PC,SOUTHAMPTON,MA,01073-9277,0.0,18
586a18da-302b-3bd7-821b-3acffd3a9025,PCP127395,WELLESLEY HILLS,MA,02481-2154,0.0,26
7828e5ea-1d0c-3cb2-a168-cbca730c12ee,A PLUS CHIROPRACTIC MANAGEMENT INC,WEST WAREHAM,MA,02576-1208,0.0,28
3fa14d94-f5fe-31e2-8d63-df026c7b6a45,PCP128082,BRIGHTON,MA,02135-2655,0.0,30
4aab2639-bfd2-3987-b372-c54395f7c0ae,PCP128124,ARLINGTON,MA,02474-8620,0.0,27
e9e2998f-97d3-3f88-8ee8-82660c5ddfce,PCP128586,W WAREHAM,MA,02576-1208,0.0,65
5fa45852-0951-3485-89a2-f02eb34e37b8,PCP128639,FRAMINGHAM,MA,01702-8315,0.0,48
83188445-c098-3b9d-8223-ef07041c1985,PCP129635,CHELMSFORD,MA,01824-1737,0.0,56
3fe0fb59-f52b-3323-8fea-d05ccb31a177,PCP129774,REVERE,MA,02151-1018,0.0,128
62b534eb-cbbc-3c46-9f95-ef4c35a6b359,PCP130952,MASHPEE,MA,02649-6410,0.0,130
4afe828b-d23e-3b89-afa4-f2fa00720415,PCP131717,LANESBOROUGH,MA,01237-9524,0.0,77
a753da29-339c-3004-8a03-fe9b98c04d80,PCP133043,WINCHESTER,MA,01890-2846,0.0,55
3855e60a-fd39-3d7e-a6cb-52d8bf126ca4,NORFOLK CENTER FOR CANCER CARE AND HEMATOLOGY PC,BROCKTON,MA,02301-3039,0.0,28
2a994f69-042f-3e02-a223-acabc117d94a,PCP134708,HALIFAX,MA,02338-1431,0.0,39
586d90ae-7754-30c2-996b-9e62e75227d3,PCP136067,NORTH BROOKFIELD,MA,01535-1400,0.0,81
cd72ff93-df2c-3edf-983f-cfd6d525bced,PCP136376,WAKEFIELD,MA,01880-1640,0.0,28
5f5140f3-df3b-3af2-bc42-a671fc6a5a28,PCP137171,ROCKLAND,MA,02370-2123,0.0,27
92377c0c-4047-35a0-86dc-870e614099ea,PCP137290,PEPPERELL,MA,01463-1504,0.0,71
3f06d7e9-6aed-3ebd-a9af-0302405f7b62,PCP138718,FALL RIVER,MA,02720-1318,0.0,95
88e4e804-522f-3b0a-bd56-4668452dff5e,PCP139219,CHICOPEE,MA,01020-1238,0.0,28
ee643956-0707-3655-8c92-eaed0ec0fb12,PCP139674,SOMERSET,MA,02726-2840,0.0,85
1ba2e1f6-bba6-3b63-911e-ee8b83730080,PCP140753,MEDFORD,MA,02155-4530,0.0,34
96c62291-743d-35cd-89a9-4d07d6de6c78,PCP141606,LYNN,MA,01904-3024,0.0,30
e77320b7-d6f9-3218-a39f-81d6e344a6af,FAMILY MEDICINE ASSOCIATES OF SOUTH ATTLEBORO  P.C.,SOUTH ATTLEBORO,MA,02703-6942,0.0,34
bf24f5a7-6c7e-3e72-b31d-aca37d5fca33,PCP141874,FRANKLIN,MA,02038-1855,0.0,54
1cf35b8c-ec81-3f61-b821-3b9bd05656ab,PCP141914,DOUGLAS,MA,01516-2160,0.0,18
f061dcc1-593a-3820-b7e5-797a00bb86e7,PCP143150,SOUTHBRIDGE,MA,01550-2524,0.0,54
82f99b8f-2ecb-3210-8ae5-05b32c1b41c7,PCP144466,WARE,MA,01082-1082,0.0,37
128846fb-8f17-39ca-9bc6-f65e0d3aa34e,PCP144556,REVERE,MA,02151-3059,0.0,24
060d4631-3566-3d04-9205-2827b0f87c2e,PCP144782,CHELSEA,MA,02150-2380,0.0,40
4f7b8ea3-b4d8-35ae-bc69-fb8e37dd1f9d,UROLOGY PRACTICE ASSOCIATES INC,BOSTON,MA,02130-3446,0.0,38
8f0c35f7-110c-3529-93bf-d2f1da436200,PCP145469,AGAWAM,MA,01001-1804,0.0,12
ae9c5def-3186-3c7e-9474-0e2bbc76500a,PCP147534,SOMERVILLE,MA,02143-3032,0.0,122
eacfe818-821c-3b22-a0a1-284af488f488,PCP148278,BROCKTON,MA,02301-1810,0.0,94
2f7b9ef0-678a-39ff-8d84-810eb53200c0,PCP148617,WEST SPRINGFIELD,MA,01089-2700,0.0,43
c2d06e8d-9244-32d8-a3f4-7a9a3174e833,PCP148905,PEMBROKE,MA,02359-1960,0.0,68
2cfd240e-3280-34b6-96cc-daf60ad5d14f,PCP148963,AVON,MA,02322-1413,0.0,87
ec4d78b1-5947-3274-ab29-1a733fa41970,PCP149317,WESTBORO,MA,01581-2657,0.0,51
f842c306-8746-31a4-a740-817ff64d755b,PCP149840,WRENTHAM,MA,02093-1349,0.0,140
463296bc-5a7c-3412-b888-eec038ac8e1b,PCP149962,SOMERSET,MA,02726-1211,0.0,75
b84fd170-71a9-3989-bb5b-b0810f6f5410,PCP150237,LANCASTER,MA,01523-2227,0.0,23
d877ae2b-1320-3f54-a507-60cf1c5d5c33,PCP151213,LAWRENCE,MA,01840-1410,0.0,16
addb7e46-903a-307e-8c93-211a08d567e8,PCP151844,BALDWINVILLE,MA,01436-1330,0.0,64
e8a5ea3a-5261-3782-8a48-fb72e328c3ba,PCP152351,HYANNIS,MA,02601-3095,0.0,34
bce59305-9d4e-3e94-a306-fe10cf255b32,PCP152547,WORCESTER,MA,01609-1275,0.0,29
791d44ae-a69a-38e6-b1a2-7e6e1c5d55e2,PCP154911,CHELMSFORD,MA,01824-3099,0.0,28
150d4bec-d11c-3014-8818-45127743725d,PCP155636,BERKLEY,MA,02779-1924,0.0,71
cbe82dc8-6dbb-3748-9472-6482b7c0f1b2,PCP156405,WAYLAND,MA,01778-1888,0.0,46
a0cd0d7d-bedf-3eb2-8bc2-6499e5452043,PCP156968,WINCHESTER,MA,01890-2039,0.0,35
c751d105-cb51-3156-9c01-f66ede8a9948,PCP157232,STOUGHTON,MA,02072-3745,0.0,65
186b4ff0-7e03-3cc8-ab9a-de3d9c758a10,PCP157812,MILTON,MA,02186-3881,0.0,46
5706c92d-4ff2-3c9e-a7bd-87efabbb9e1d,PCP158806,DRACUT,MA,01826-4068,0.0,44
927eb0a8-c2d9-3c94-9741-4ce636ae4b06,PCP159069,FOXBOROUGH,MA,02035-2948,0.0,41
4704a61f-da64-3f8e-b79f-9e6d98764a85,CHEST DISEASES GROUP PC,MELROSE,MA,02176-3225,0.0,13
bc43d0e3-1e93-3129-b411-b4e6cfc45024,PCP160433,SALEM,MA,01970-4721,0.0,42
e47f45c5-4046-3f5c-a384-4b2be04177b6,PCP160672,CAMBRIDGE,MA,02138-1048,0.0,30
d67076df-aafc-3cec-9060-f87af7bb8c49,EVERETT FOOT CARE PC,EVERETT,MA,02149-3614,0.0,14
5871fd9b-ad9a-34fc-9f2c-cf4af914bece,PCP161579,METHUEN,MA,01844-5883,0.0,49
9cb9c46d-64f4-3f51-9cbb-f16b27e8b771,PCP161804,CHICOPEE,MA,01013-2624,0.0,36
39f0d0e7-798c-39cb-b2d3-73f6cb7dfed4,PCP162430,SALEM,MA,01970-5137,0.0,39
95fc9ceb-0603-32ef-96f5-2879bcf795d4,PCP162516,TEATICKET,MA,02536-5659,0.0,64
e0ba8b9d-c7e8-36d8-bf4f-d37ed5dc0e07,PCP162607,BRIGHTON,MA,02135-3514,0.0,19
8762f034-a7b3-3a6e-8344-3fbf39f57d0c,PCP162730,HAVERHILL,MA,01830-6700,0.0,53
6e0ddf7b-3aed-3426-b330-f8273486fc7c,PCP163033,MIDDLETON,MA,01949-2446,0.0,4
d74bb44b-c6c8-31ce-a319-08aa325b71c2,PCP164833,WOBURN,MA,01801-4741,0.0,63
43118573-48f9-3d27-b5d8-3089535539fb,PCP165213,RANDOLPH,MA,02368-4821,0.0,35
cbcf434c-8bc4-3a2c-bd93-43cccfc787a1,PCP165297,BROOKLINE,MA,02446-6427,0.0,13
f3b73817-43cb-3762-8353-bcfb64aa9b10,PCP166078,AVON,MA,02322-1149,0.0,124
8434f552-e0a0-36bd-880b-f1ebb4cdf1af,PCP166957,DANVERS,MA,01923-2137,0.0,104
448ad6f9-2331-38dc-ab08-ae3c8523f143,PCP167138,SWAMPSCOTT,MA,01907-1333,0.0,36
24bcfc89-997e-3a62-a6c3-83ed31af8901,PCP167180,SOMERVILLE,MA,02143-4508,0.0,89
3c8b233a-6c05-3357-b6e0-97306efcf971,PCP167629,RUTLAND,MA,01543-1527,0.0,52
18c9efe7-ec0e-3c35-b58d-738000e2036e,PCP167800,UXBRIDGE,MA,01569-3134,0.0,28
772b7fd3-c914-362f-974b-8f6301620b1a,PCP167881,BELMONT,MA,02478-2125,0.0,35
3d7afe44-caf1-3223-ad8c-fa03f3049ef2,PCP168391,SHREWSBURY,MA,01545-3025,0.0,17
75bc27b3-2841-3c4f-9069-13bed81bfa6c,PCP168395,WHATELY,MA,01093,0.0,260
bf831193-0c51-3d98-98bf-3ddd11eb4372,PCP168778,DARTMOUTH,MA,02747-4313,0.0,31
8af81765-3201-3d7e-a5c7-4ad99eba15d5,FRANK TWAROGMD CURTIS MOODY MDPTRS,CONCORD,MA,01742-2132,0.0,26
aab10ef0-26bc-3c95-a668-82bc87494cd1,ADULT AND PEDIATRIC DERMATOLOGY  P.C.,WESTFORD,MA,01886-3149,0.0,59
c21ec1c3-0a39-3a6f-9a58-7a9ef6674fec,PCP170543,MILLIS,MA,02054-1611,0.0,61
f43ccb73-d283-3d31-90d3-58e65ef30d0b,ADULT AND PEDIATRIC DERMATOLOGY  P.C.,MARLBORO,MA,01752-3295,0.0,2
c7459800-e42b-3144-a934-59585c9eacff,PCP170967,WEST SPRINGFIELD,MA,01089-1540,0.0,29
721db17d-064d-3781-a57f-84525b1bbd66,NORTH SHORE COMMUNITY HEALTH INC,PEABODY,MA,01960-8925,0.0,35
9298cfc6-72d2-380c-90cb-20180c453a18,PCP171513,GREENFIELD,MA,01301-2546,0.0,28
c13aae5c-3443-371c-a343-60f2c46d6852,PCP171808,DENNIS PORT,MA,02639-1334,0.0,62
4409c5e7-33d9-3c5a-83f6-28da324a5f22,GASTROINTESTINAL SPECIALISTS  LLC,EAST BRIDGEWATER,MA,02333-1466,0.0,15
868e18c1-c034-3b51-a050-3fe9bf3321aa,MELROSE INTERNAL MEDICINE ASSOC PC,MELROSE,MA,02176-3201,0.0,78
7638b2b1-dbae-3cf5-bd72-676b736b7c87,STREFF ASSOCIATES  LLC,STOW,MA,01775-1189,0.0,74
e0ca0c69-8ba4-35e5-aa72-ea06997ed383,HILLTOWN COMMUNITY HEALTH CENTERS INC,WORTHINGTON,MA,01098,0.0,97
dea603e3-1eca-34ac-a7b9-566138fc878b,GATEWAY PHYSICAL THERAPY AND WELLNESS CORP,LEE,MA,01238-9612,0.0,59
32abbd7e-d140-3002-a3d1-d2da53ac96f4,PCP174035,LONGMEADOW,MA,01106-1769,0.0,59
136ea6cd-f690-31c4-9bce-14351a2d12ca,PCP175670,HOPKINTON,MA,01748-2229,0.0,32
620d4a8a-ef3b-30c4-9c58-a409e8f3b7f1,POSTUM EYE CARE INC,BELLINGHAM,MA,02019-9998,0.0,118
3e24a769-4555-3eec-a674-9df5bc4d1a62,PCP176462,WORCESTER,MA,01605-3936,0.0,67
50396b58-b51a-3165-9a94-78b17bb7c09e,PCP176479,MILTON,MA,02186-3736,0.0,35
29769c4a-4330-3209-b546-1e1f12c7adc5,EYE CARE SPECIALISTS PC,NORFOLK,MA,02056-1642,0.0,42
91d6f2a0-2942-3ab0-b874-085dffde91b3,PCP177579,HADLEY,MA,01035-3534,0.0,28
996b1ab0-8de6-3ac5-add1-5d5e35d9c4df,PULMONARY ASSOCIATES OF METROWEST  P.C.,NATICK,MA,01760-7700,0.0,74
b62bd2d8-9931-3326-834f-3b32bf7b18e6,PCP178484,WESTWOOD,MA,02090-1628,0.0,34
e3bb9270-05bd-386d-8db2-d4616822f71f,ALLERGY AND ASTHMA PHYSICIANS PC,MEDFORD,MA,02155-4770,0.0,57
35763b90-63ab-3c6a-895a-8c83bfa6bd3c,PCP178557,NORFOLK,MA,02056-1322,0.0,90
f02902d7-aafe-3630-9022-988251e1e390,PCP178844,SOMERVILLE,MA,02144-2017,0.0,8
9fb81927-c167-3c8a-8ebd-71a279460cc2,ADVOCATES  INC.,FRAMINGHAM,MA,01702-7079,0.0,37
83fea8e1-cec3-3912-a20e-60a2ec95bb76,FRANK TWAROG MD AND CURTIS MOODY MD LLP,BROOKLINE,MA,02445-7237,0.0,21
2a0949ec-6012-34b7-99aa-578fb5e1aec3,PCP181428,STOUGHTON,MA,02072-1829,0.0,46
4d28062f-5fc8-3a67-a85e-26f5bef05e34,WACHUSETT RADIOLOGY INC,GARDNER,MA,01440-1373,0.0,30
1c50f045-e0fe-3c93-a5f6-96c38e6c2815,ASSOCIATES OF MERRIMACK VALLEY INC,CHELMSFORD,MA,01824-2359,0.0,52
c76749c0-abc6-3be7-849d-aa6e1b406bbd,PCP183080,GREAT BARRINGTON,MA,01230-1608,0.0,22
4fa341c0-f4cd-3d61-9216-d4e26bf3cf8d,PCP183126,CHICOPEE,MA,01020-3958,0.0,62
607ea852-d7e7-39c7-9a61-960e6b74136a,PCP183131,LAWRENCE,MA,01840-1244,0.0,59
57ddf4b4-b773-30f6-a5f0-89cdc531a236,PATHOLOGY ASSOCIATES OF LOWELL PC,LOWELL,MA,01854-2134,0.0,54
fa22af34-7c99-3c64-83c1-946b9552af5c,ATHENA HEALTHCARE SYSTEMS,CONCORD,MA,01742-4191,0.0,45
4b6058b3-f244-3567-a62f-73aaafe55acb,MASSACHUSETTS EYE ASSOCIATES PC,TEWKSBURY,MA,01876-1639,0.0,28
c63dbd88-1d57-34c3-93ed-fc680a644d51,FOUNDATION PERFORMANCE INC.,PLAINVILLE,MA,02762-2188,0.0,26
5ca73155-77c9-374f-b026-50187fb6ffa8,FIRST CHOICE COMMUNITY MEDICAL SERVICES PC,BOXFORD,MA,01921-1017,0.0,21
0b9f51ba-1e28-3875-b558-a0e49e44d75a,PCP185450,SWAMPSCOTT,MA,01907-1442,0.0,116
f576aee3-a640-3b72-85de-0294c44bf0e4,PCP185525,CONCORD,MA,01742-3837,0.0,62
4bac2e3e-0bdd-3916-b5a8-f175fa5c80d1,BROCKTON AREA MULTI-SERVICES  INC.,WHITMAN,MA,02382-1820,0.0,17
2af22601-e642-38dd-b032-22e0947f6b1e,PCP187044,NORTON,MA,02766-1243,0.0,46
2db6f757-75bf-3b47-ade1-7f4ab21d2c39,PCP187185,DRACUT,MA,01826-2754,0.0,68
242e5bbe-87a7-3a15-8847-8ff68aba0c09,DALTON MEDICAL ASSOCIATES  LLP,DALTON,MA,01226-1202,0.0,13
7d9a761a-16b9-3a4d-83dd-d56b9b645ef7,PCP187919,SOUTH WEYMOUTH,MA,02190-1614,0.0,43
d9ab307c-cca9-3408-813f-ff8a866a331f,NEW ENGLAND INPATIENT SPECIALIST LLC,METHUEN,MA,01844-4597,0.0,56
95602ca9-6822-3a15-90b2-b80dce6b5e64,PCP189370,NORTHAMPTON,MA,01060-3120,0.0,37
02cf7c70-4cf8-3a69-8e55-f1e4201179a3,PCP189485,SEEKONK,MA,02771-3736,0.0,30
20301dde-f130-3412-93a2-04d95b2d9e89,POST OCONNOR AND KADRMAS EYE CENTERS P C,EAST WAREHAM,MA,02538-4840,0.0,28
cd300275-3f4d-3adb-98aa-4e5bba25be24,PCP191696,SWAMPSCOTT,MA,01907-1309,0.0,52
0851e08f-10d9-34de-a8b0-b6fe1bc381f2,PCP192079,MARSTONS MILLS,MA,02648-1760,0.0,31
e61b032a-46fa-3bbc-9a6b-e1da5f517bc4,LUCIEN DIAGNOSTIC IMAGING INC,ANDOVER,MA,01810-1410,0.0,2
f16771c3-19f5-3f28-a4cd-ebf7471a4bee,PCP192345,NORTH ADAMS,MA,01247-3712,0.0,40
176a6fd8-69ff-3a50-88f3-90c7e88ef927,MILTON RADIOLOGISTS INC,MILTON,MA,02186-3926,0.0,11
1a3625e3-aae0-305c-ae4b-ed26eaefa2b6,PCP193461,EAST BOSTON,MA,02128-1134,0.0,48
1eb446a7-1770-3d2c-9608-b14e4173c6c0,FCP  INC,LAWRENCE,MA,01843-1764,0.0,68
7d13ab80-118e-33a9-b1fb-c4328286017d,PCP193900,YARMOUTH PORT,MA,02675-1535,0.0,126
969ab2f0-61ec-3c39-96e2-6abaa4a7e48a,PCP194119,BROCKTON,MA,02302-3302,0.0,63
c71def3c-1b05-32c4-8348-e6443e820178,LOWELL GENERAL INPATIENT SPECIALISTS PLLC,LOWELL,MA,01852-1311,0.0,96
2e45f375-22c5-3175-a63d-a3c1a0a1a162,VK NEW ENGLAND MANAGEMENT LLC,PEABODY,MA,01960-2907,0.0,46
51597279-be2d-3b01-b6eb-107f7bb217b5,NEW HORIZONS MEDICAL   P.C.,BROOKLINE,MA,02446-3806,0.0,13
f16be999-a065-35c2-90d5-13cc32170aad,FCP  INC,WHITINSVILLE,MA,01588-1464,0.0,12
0538a7b8-ae6f-3619-b9b4-02ebbee3bf15,SQUARE MEDICAL GROUP LLC,WEYMOUTH,MA,02189-1530,0.0,37
8cc167e3-b9df-3a7b-9ec3-5f2e4c064910,TEAMWORK PHYSICAL THERAPY INC,DARTMOUTH,MA,02747-3717,0.0,26
e431e336-f278-31c6-bf0a-20831f164904,PCP196709,NORTH ANDOVER,MA,01845-1651,0.0,40
e3589374-6bee-3d87-9da7-41d467537ccc,HALLMARK IMAGING ASSOCIATES  PC,MEDFORD,MA,02155-1643,0.0,35
812f8ee9-ff72-3836-8106-25b473039db9,TEAMWORK PHYSICAL THERAPY INC,MIDDLEBORO,MA,02346-1859,0.0,20
84ac4b3e-d22a-3dc3-8cff-8ef9da2d2905,TRISTAN MEDICAL PC,NORTON,MA,02766-1243,0.0,123
1e7b774c-6254-3dac-a1fe-485cb98112fc,SO SHORE CARDIOLOGY PC,SOUTH WEYMOUTH,MA,02190-2427,0.0,9
f1788328-5ff2-3422-99ea-b2f6117fbd83,PCP198430,WESTFIELD,MA,01085-2592,0.0,77
bbfbed2d-7be4-36d7-be7a-a4d488c5a9c7,VK NEW ENGLAND MANAGEMENT LLC,LAWRENCE,MA,01840-1411,0.0,70
6b6e3359-cd17-3d26-ba37-248d9aa80763,PCP198892,MONTEREY,MA,01245,0.0,37
4843461d-4b7b-37fb-9631-d4d7760afa1b,PCP199148,LANCASTER,MA,01523-2056,0.0,38
ca26e00f-7480-3346-b8fa-afa9a729db8f,PCP199980,WALTHAM,MA,02453-5201,0.0,37
2d01da4e-2ffa-383a-99b9-ca54e10a8ef3,DERMCARE PHYSICIANS AND SURGEONS  LLC,CHELMSFORD,MA,01824-2712,0.0,65
79c6c281-a87d-3ffa-b056-d3ba26dc5ef0,PCP200570,PEABODY,MA,01960-4960,0.0,53
2ef3ad7f-aaeb-3195-96be-2f1c3d6abf11,PCP200811,SAUGUS,MA,01906-1605,0.0,28
32681066-5aa8-3795-8f12-5f1148f80871,PCP201144,BEDFORD,MA,01730-2715,0.0,29
8e41e270-638d-36d9-a88b-6b6b548a1d5d,HALLMARK IMAGING ASSOCIATES  PC,MELROSE,MA,02176-3201,0.0,58
7afd6eee-3c9e-3bbb-8d14-2349a1024d76,NORTHEAST EYE CARE INC,EVERETT,MA,02149-3603,0.0,73
5b2c12f7-f536-33e9-9bfe-763af81fb91b,VISION CARE SPECIALISTS  P.C.,SOUTHBOROUGH,MA,01772-2115,0.0,34
324081f4-98c4-313a-8e97-c25d324af66e,CHARLES RIVER MEDICAL ASSOCIATES  PC,HUDSON,MA,01749-2765,0.0,33
2c807f08-efc8-3a89-9438-8738f2bd4b09,MERRIMACK MEDICAL AND WALK IN CENTER  LLC,LAWRENCE,MA,01841-2310,0.0,91
afa1ad85-13d0-351d-8ab2-e4b66f5fe1c4,PCP202067,AMHERST,MA,01002-1741,0.0,28
494c2f52-0328-301e-9555-694b326f87a6,HEALTHCARE SOUTH PC,SCITUATE,MA,02066-4533,0.0,66
9fc6a4c9-2ab8-3b97-9439-ea0f9e2cfe7a,ANGELS NEUROLOGICAL CENTERS,TAUNTON,MA,02780-2766,0.0,21
db96a567-7b2f-39cc-8235-834b92058327,FRANKLIN EYE CARE ASSOCIATES LLC,GREENFIELD,MA,01301-2025,0.0,77
b3661782-f15b-3733-aec0-48bc100379f8,STANLEY STREET TREATMENT AND RESOURCES  INC,FALL RIVER,MA,02724-2855,0.0,28
d8726819-9f80-3b79-9781-2062e89f29df,INDEPENDENT EYE CARE INC,BEVERLY,MA,01915-2515,0.0,46
12f7f24c-feea-331a-acf1-e91e2c33ac6b,CHARLES RIVER MEDICAL ASSOCIATES  PC,FRAMINGHAM,MA,01702-5316,0.0,40
c8b25caa-eaf0-3f1a-a2b8-b2daa526618a,PCP205980,LUNENBURG,MA,01462-1248,0.0,32
505af581-c2d8-347f-8e94-66b8fa2cacaa,VINCETT EYE CARE ASSOCIATES LTD,BOSTON,MA,02109-4216,0.0,28
fd6fc870-8a26-38bf-8328-b8aa484989ed,EDINBURG CENTER INC,BEDFORD,MA,01730-1406,0.0,27
6862c19c-eaed-3291-aacb-c15fc4e6d9b1,PCP209060,LYNNFIELD,MA,01940-2218,0.0,53
e7961bfc-a7b5-3dcd-825e-7b0b8d910aa8,CHARLES RIVER MEDICAL ASSOCIATES  PC,NATICK,MA,01760-7700,0.0,15
478961ba-31a9-39eb-9d91-1a035372c1bb,GLOBAL CARE MEDICAL GROUP PC,TEWKSBURY,MA,01876-1699,0.0,67
6ba92bd6-a591-38ab-93c9-920e50347678,ENDOCRINE ASSOCIATES OF WESTERN MASS  P.C.,SPRINGFIELD,MA,01107-1272,0.0,15
72fc6638-0d8f-3d32-87d3-7c714c01a97d,PCP211156,KINGSTON,MA,02364-2298,0.0,38
9e996963-5786-37ce-8c42-3245bf8c20d2,PCP211958,NEEDHAM,MA,02492-2505,0.0,45
bd1657af-98c7-323c-b961-7952acfc0ec2,LYNN VEIN CLINIC LLC,LYNN,MA,01901-1355,0.0,20
0982db2c-c422-3e3e-bbf5-fe4bdb5c7c67,PCP212787,SOUTH DARTMOUTH,MA,02748-3815,0.0,62
56555397-045b-3abe-9ed8-7454cdbfdf20,PHYSICAL THERAPY IN MOTION  INC,SOUTH YARMOUTH,MA,02664-1849,0.0,124
991c5ea5-b257-3b6c-887d-b048d7dc39bd,BRISTOL PULMONARY AND SLEEP MEDICINE P.C.,TAUNTON,MA,02780-2497,0.0,49
cb7dfd1f-74a0-3263-86e3-675e0ffd1c9e,DR LAURA ANNE POTVIN PC,GROVELAND,MA,01834-1566,0.0,28
38676a06-8c7a-39d9-84df-22752abfd5f2,JEFFERSON RADIOLOGY PC,HOLYOKE,MA,01040-2223,0.0,43
31ab2e13-f997-306c-bc1c-f9115bdd2024,BOSTON LASER EYE INSTITUTE  PC,BROOKLINE,MA,02446-5587,0.0,35
0f03c9da-86ac-357a-b9b4-b330095ff7b0,SOUTH SHORE MEDICAL CENTER  INC.,KINGSTON,MA,02364-1250,0.0,39
b4f385ce-3f32-3097-9754-4ea83d91f11d,MASSACHUSETTS EXPRESS CARE PLLC,RAYNHAM,MA,02767-5446,0.0,80
e12fe1d2-1526-3b2c-939f-e03d8132054b,PCP216437,HOLYOKE,MA,01040-5396,0.0,29
2aa968f9-f021-32c3-8a11-2ad46896cdf3,MILTON CARDIAC TESTING  P.C.,MILTON,MA,02186-3800,0.0,32
6c2cc3eb-72c0-3b09-b1f9-88782da2527a,PONDVILLE MEDICAL ASSOCIATES LLC,NORFOLK,MA,02056-1680,0.0,117
c69e9935-9b89-3f07-bc89-a4f298925a27,PCP217664,W SPRINGFIELD,MA,01089-2578,0.0,30
9ce0b509-1935-3d52-8b4b-6357d6cb0c31,KERZNER ASSOCIATES PC,FOXBORO,MA,02035-2041,0.0,30
18764764-9e4e-3918-b397-3a622aa17d46,PCP217952,MARBLEHEAD,MA,01945-2372,0.0,31
2053cef9-9a5e-3d23-9fec-361b01aeb936,EMERALD PHYSICIAN SERVICES  LLC,WEST YARMOUTH,MA,02673-3547,0.0,27
35826c77-ca8e-3028-a9ad-13b94ec7e078,HEALTH EXPRESS LLC,WEYMOUTH,MA,02188-2932,0.0,12
d11326fd-9ee8-321f-a9d6-382f526d2b94,ELITE SPORTS INC,FOXBOROUGH,MA,02035-2865,0.0,115
54fe5bfc-622b-3917-b81a-757ebaff1057,NEW ENGLAND FOOT AND ANKLE PC,CHELMSFORD,MA,01824-1731,0.0,55
4c793a84-3ff1-3a1e-8453-dc20febba4f9,BOSTON NEUROPSYCHOLOGICAL SERVICES  LLC,NEEDHAM,MA,02494-2232,0.0,31
69dac13f-9fcb-3152-91eb-10f1d4d8c864,MEDICAL AFFILIATES OF CAPE COD  INC.,SANDWICH,MA,02563-2340,0.0,28
1eee58f9-f10d-3d2c-8752-380e35863aaf,PCP222354,E SANDWICH,MA,02537-1371,0.0,41
bee48890-29c3-3d54-a1c2-b51158a3302d,PCP222654,BELMONT,MA,02478-1064,0.0,105
f43d6681-f2aa-3bb7-81c6-8abe6cfe7a15,PCP222777,HOPEDALE,MA,01747-1719,0.0,25
1a87a637-8a07-379d-9d21-3cf3be2b6430,PHYSICAL THERAPY U INC,BRIDGEWATER,MA,02324-2302,0.0,64
1b0edfaf-f138-396a-b1dd-ace4ac3003d0,PCP223168,WINCHESTER,MA,01890-1921,0.0,56
618e8d53-77e5-31d1-b250-8011b7a7f56c,PCP223203,MEDWAY,MA,02053-1818,0.0,19
d7883ad2-ba17-3aac-aa33-04311fa42cf6,NATICK EYE ASSOCIATES  PC,NATICK,MA,01760-1514,0.0,31
a356b345-e72b-3291-b161-45479775701e,PCP224959,ORANGE,MA,01364-1447,0.0,77
4c992f21-944c-30c5-b851-c5f22fffa031,PCP226397,LYNNFIELD,MA,01940-2218,0.0,39
ce9b73b9-27c6-30ff-8b04-9cff8d5f9208,PCP226751,LANCASTER,MA,01523-2056,0.0,41
b895ee70-8bbc-375a-a2a5-181bb23cbb8c,NORTHEAST HEALTH SERVICES LLC,FALL RIVER,MA,02720-1306,0.0,26
a06a4d9f-700e-3593-b183-6efc1508d5cc,PATIENT FIRST CHIROPRACTIC AND PHYSICAL THERAPY PC,WALTHAM,MA,02452-5516,0.0,28
078b14ec-7cb9-3f26-89c8-22565f7a9d98,PCP228595,NORTHAMPTON,MA,01060-2341,0.0,28
198b46be-e161-3fce-a109-cb003faba2ec,PCP228627,NORTH FALMOUTH,MA,02556-2019,0.0,40
dbadb34a-1bc4-3cd1-9903-b8ff46c8b9d8,PCP229646,BLACKSTONE,MA,01504-1541,0.0,86
69f3b168-46e2-3b49-b267-c68991524775,NESC MACIPA LLC,WELLESLEY HILLS,MA,02481-2108,0.0,39
b0893b9a-0462-3a41-9523-e3bf49a060f6,PCP231041,STONEHAM,MA,02180-1712,0.0,28
6040b2da-71a1-3d12-a777-427cbb929931,PCP231204,MONTGOMERY,MA,01085-9522,0.0,170
f18a5227-92c4-3fa3-b437-5364132c349b,INTERNISTS ASSOCIATED,NEEDHAM,MA,02492-2520,0.0,25
e29f8ac3-ad15-31a5-97c1-e1979ef48e6f,WHITTIER REHABILITATION INPATIENT SPECIALISTS PLLC,BRADFORD,MA,01835-6928,0.0,17
dc92850d-4681-3954-b74a-8ded684efeeb,FAMILY DOCTORS  LLC,MARBLEHEAD,MA,01945-2327,0.0,55
729bec88-f795-3d9c-baa2-04d304a589e5,SPRINGFIELD ANESTHESIA SERVICE INC.,WARE,MA,01082-1625,0.0,42
5037c033-bb99-3453-9dc0-40d80d508e9f,ASSOCIATED PHYSICIANS OF HARVARD MEDICAL FACULTY PHYSICIANS AT BETH IS,MILTON,MA,02186-3900,0.0,38
76a80350-916e-3fc9-8fed-2c8c4b36c42f,NORTH SUFFOLK MENTAL HEALTH ASSOCIATION  INC.,CHELSEA,MA,02150-2807,0.0,169
21d5a598-d24a-3ec0-a205-31ee02d9f59a,NORTH SHORE MEDICAL CENTER INC,SALEM,MA,01970-2768,0.0,28
eba76dd9-fb5e-3add-a1de-9ef0ad3449cc,ARBOUR ELDER SERVICES  INC.,ROCKLAND,MA,02370-1075,0.0,68
b722fd9b-6e71-3f88-8961-768ac0272365,PCP238050,HYDE PARK,MA,02136-2819,0.0,70
ec255347-40f1-342a-8f39-364490fb46e7,NARRAGANSETT BAY ANESTHESIA  LLC,SWANSEA,MA,02777-4114,0.0,120
53622c13-f281-3432-8b79-89627a0eedd3,MILTON CHIROPRACTIC AND REHABILITATION INC,QUINCY,MA,02169-1200,0.0,105
f37bfae6-33c9-3b9e-98ba-a85f0332ec8e,COUNSELING ASSOCIATES OF DRACUT AND METHUEN,DRACUT,MA,01826-4067,0.0,52
2e92e3c2-e372-3bb5-9db1-05408d55dd1a,PIONEER SPINE AND SPORTS PHYSICIANS PC,WEST SPRINGFIELD,MA,01089-3311,0.0,55
466e160a-dc52-3dab-b98f-9d79beb51694,NORTHEAST BEHAVIORAL HEALTH CORPORATION,GLOUCESTER,MA,01930-4832,0.0,31
e21d7883-861a-37d8-bbf7-7bb60ac068b0,SOUTH MIDDLESEX OPPORTUNITY COUNCIL INC,MARLBOROUGH,MA,01752-3250,0.0,28
280c5cc7-631b-32ef-b9a6-4480c73ffa18,BAY STATE COMMUNITY SERVICES INC,WALPOLE,MA,02081-2803,0.0,70
3056e4f3-2bd6-33fa-aeca-7853b9d3d9f1,EVANS MEDICAL FOUNDATION INC,BOSTON,MA,02118-2308,0.0,34
148703ef-dbdb-342c-94df-de3a78812cfe,HARRINGTON MEMORIAL HOSPITAL  INC.,SOUTHBRIDGE,MA,01550-1823,0.0,34
4b394604-dd97-35a9-af1e-0c064b5e1ceb,BEHAVIORAL HEALTH NETWORK INC,SPRINGFIELD,MA,01103-2203,0.0,19
505f835d-7441-385f-a991-45f793514a97,COUNSELING CENTER IN THE BERKSHIRES INC,PITTSFIELD,MA,01201-5130,0.0,85
5c66cb8b-222d-3ea7-9cc9-342d9fc2e167,HRI CLINICS  INC.,WOBURN,MA,01801-6208,0.0,33
6f6afeba-3f8c-396b-9cd3-71f1a28d0248,ELLIOTT PHYSICAL THERAPY  INC,DORCHESTER,MA,02122-3206,0.0,108
495a2033-76f8-3913-8421-73ac96b8bb08,HARRINGTON MEMORIAL HOSPITAL  INC.,DUDLEY,MA,01571-3817,0.0,37
a38d5551-d4e4-3a10-a5ca-7d57f80ccbcf,NORTH SHORE MEDICAL CENTER INC,LYNN,MA,01904-1424,0.0,38
4c35f7ca-1645-3431-ab73-df710f19285a,LAHEY PHYSICIAN COMMUNITY ORGANIZATION I INC,CONCORD,MA,01742-3829,0.0,48
b1676665-fbdf-3335-aa73-9a946ad9b391,MT AUBURN PROFESSIONAL SERVICES,CAMBRIDGE,MA,02138-5665,0.0,36
e204d54b-9e41-3aec-a681-8a0929a652d5,HOWARD S GOLDBERG MD INC,SWAMPSCOTT,MA,01907-1395,0.0,26
d828188a-f206-37e1-bb71-218c1988c7e4,PCP245653,WAYLAND,MA,01778-1833,0.0,42
d0b5fc59-28d4-3a54-aaca-c93a3f1d3007,D'AMBROSIO EYE CARE INC,LANCASTER,MA,01523-3029,0.0,35
ab94ae9a-ebf5-366e-a92e-b874dd729b23,COMMUNITY HEALTH PROGRAMS INC,ADAMS,MA,01220-1856,0.0,68
00205a66-c6f3-31b1-8759-5d1ecabd830c,RENAL AND TRANSPLANT ASSOCIATES OF NEW ENGLAND PC,WORCESTER,MA,01608-1216,0.0,66
c4fc1acd-2559-3301-9e04-f9cc7995fc20,MILTON CHIROPRACTIC AND REHABILITATION INC,SOMERSET,MA,02726-5138,0.0,8
4c1b6514-d636-3c43-92c1-d0ee2adff46b,PRIMA CARE PC,SWANSEA,MA,02777-3906,0.0,69
0e418c0f-8685-36c3-8fa7-ace9b726ce5d,PSYCHOLOGY ASSOCIATES INC.,WAREHAM,MA,02571-2052,0.0,48
395a9f52-1f2d-35cd-8cfe-35e2771f8921,PCP248432,BOYLSTON,MA,01505-1523,0.0,38
fb921acf-cdcd-39a1-9c58-f78785bf050d,PCP248879,SHARON,MA,02067-2037,0.0,31
3db6151a-809b-3539-a615-9eb24297e44d,SOUTH COUNTY PHYSICAL THERAPY INC,MILLBURY,MA,01527-3253,0.0,110
2b497431-c24b-368a-8050-a05802d5ff67,CLINICAL AND SUPPORT OPTIONS  INC,GARDNER,MA,01440-3879,0.0,44
69ce6033-3ffd-3f52-8e42-7ceb40f72688,MASSACHUSETTS ACUTE CARE SPECIALISTS PC,MEDFORD,MA,02155-1643,0.0,31
1fb7fb22-4caa-3dd7-9d90-ec0a98f651c6,MASS LUNG AND ALLERGY PC,LEOMINSTER,MA,01453-2253,0.0,43
d7b28a82-03e2-37ff-b57f-cb4e2fcf9bb9,PCP250999,MATTAPOISETT,MA,02739-1704,0.0,64
af7e425c-0726-302d-b486-32eb59c50858,PCP251961,MILFORD,MA,01757-2201,0.0,16
19199b47-ec28-3399-af71-c734e3257794,UMASS MEMORIAL RADIOLOGY PHYS SERV,LEOMINSTER,MA,01453-2205,0.0,42
5b1e6842-ca09-3521-ae67-3dbf4ff7638f,HARRINGTON MEMORIAL HOSPITAL  INC.,CHARLTON,MA,01507-1590,0.0,45
94a952f2-47be-372c-ab41-c29d341ed74c,DANA FARBER CANCER INSTITUTE  INC,MILFORD,MA,01757-3003,0.0,32
2c3e08c1-dc5d-3940-975f-e93d1a03fa93,PEAK PHYSICAL THERAPY INC,SCITUATE,MA,02066-4546,0.0,9
dcc3958e-b85a-35fc-9269-d8095313132e,UMASS MEMORIAL RADIOLOGY PHYS SERV,UXBRIDGE,MA,01569-1278,0.0,15
d961ae86-724f-39c7-9f15-111bdb2aae7d,GAIL S MARCHETTO OD LLC,ABINGTON,MA,02351-1921,0.0,34
42b1d034-e30e-35d6-987d-0bf1349c0dfd,PCP254337,QUINCY,MA,02169-4510,0.0,112
eb73f869-4d4b-3dd9-9e12-5f291b1554fe,NORTH BRIDGE IMAGING GROUP  LLC,GROTON,MA,01450-1879,0.0,47
4dbd7271-8daf-3e3f-a1fa-3b34b977dec0,PCP256098,FOXBORO,MA,02035-1151,0.0,30
2163a317-d803-3790-b34b-287b1e305aa5,UNIVERSITY SURGICAL ASSOCIATES  INC.,SOUTH ATTLEBORO,MA,02703-6942,0.0,80
92729cd4-156f-3404-b877-1da464e5fb29,HARRINGTON MEMORIAL HOSPITAL  INC.,WEBSTER,MA,01570-1587,0.0,8
8f5acd86-92e2-3ec4-b252-f1fd2f3c2736,CAPE COD PAIN MANAGEMENT  PC,CARVER,MA,02330-1128,0.0,50
20c8b48c-9b79-386c-a548-ae64b3192a4a,UPHAMS CORNER HEALTH COMMITTEE INC,DORCHESTER,MA,02125-2424,0.0,81
3c21372c-5581-38be-806e-81d752c60284,PCP257483,MELROSE,MA,02176-3201,0.0,60
9e782b47-1e85-31dc-a29d-0726ce53a05a,PCP257816,NORFOLK,MA,02056-1680,0.0,104
7fa71098-67c9-349b-9fff-a1e6d2c223f2,MT AUBURN PROFESSIONAL SERVICES,WALTHAM,MA,02452-8480,0.0,40
18362426-1324-35e6-a226-adccb56a7a36,PCP258407,MIDDLEBOROUGH,MA,02346-2123,0.0,282
7b69b367-ad62-31ef-a8f8-0cb1ea5d4765,NORTH SUFFOLK MENTAL HEALTH ASSOCIATION  INC.,REVERE,MA,02151-3100,0.0,29
76fcc5a2-ce75-3662-8763-1d53b733cef9,PCP258626,DARTMOUTH,MA,02747-2537,0.0,85
06cef680-d505-3f23-b4ef-d69a24a6d7c1,PCP259263,AMHERST,MA,01002-2936,0.0,33
3c3d682f-7484-3de8-90ce-0767c75d29ce,PCP260651,SHREWSBURY,MA,01545-5639,0.0,63
aa042382-1266-39b2-b422-3888eb030180,PCP260662,HOLYOKE,MA,01040-6603,0.0,21
39c04253-a6b4-3a9f-a26a-048652aad32a,PRIMA CARE PC,WESTPORT,MA,02790-4315,0.0,47
52d8e0da-6a42-34f2-a506-dc4af622a02a,PCP260793,QUINCY,MA,02169-4721,0.0,16
5510a93b-c3a2-3d18-a009-9b6a4b4e6b88,KEENAN  MALLADI AND O'NEILL  P.C.,WESTFIELD,MA,01085-1832,0.0,28
337c1f83-2105-36df-9958-24ecec7231a7,ADVANCED AUDIOLOGY ASSOCIATES INC,EAST DENNIS,MA,02641,0.0,105
af622cd1-0179-3ec1-9d57-b56e6404bdf5,PCP262680,BOSTON,MA,02116-3152,0.0,38
c07a0d8c-1e12-309e-bde5-be542a9deee0,PCP263254,FAIRHAVEN,MA,02719-4415,0.0,64
f83838e9-377d-389f-a621-4c3acc68b491,PCP264611,WEYMOUTH,MA,02190-2432,0.0,5
066dc005-2020-39f1-ba27-8cf297e231d0,PCP265894,LINCOLN,MA,01773-3406,0.0,34
1a00eeee-f618-3039-97cd-6df942cca791,PCP266605,NEWTON,MA,02459-2714,0.0,36
7582eb8c-4254-325a-bc11-8c60d209950f,ASTHMA AND ALLERGY PHYSICIANS LLC,PLYMOUTH,MA,02360-4500,0.0,136
a46483b9-901a-3910-8a45-3a88c5954b02,MT AUBURN PROFESSIONAL SERVICES,ARLINGTON,MA,02476-4738,0.0,44
d6337e51-f70b-3ce2-b1d5-076f429690d9,NORTH SUFFOLK MENTAL HEALTH ASSOCIATION  INC.,CHELSEA,MA,02150-2830,0.0,114
875a8418-2d38-376e-a1d8-47023ef1e56d,SPORTS MEDICINE NORTH ORTHOPAEDIC SURGERY  INC.,WENHAM,MA,01984-1451,0.0,29
1248b93c-56ef-3c3a-adab-56eb2c991c4d,PCP267780,SOMERVILLE,MA,02144-1703,0.0,69
45f7c4aa-6dfa-39ae-a373-8f624abf91da,RIVERBEND MEDICAL GROUP INC,CHICOPEE,MA,01020-1969,0.0,8
93916053-77d6-3f79-9610-48dd682edbc5,HALLMARK HEALTH MEDICAL ASSOCIATES INC,MELROSE,MA,02176-3225,0.0,5
adf4b040-f289-3128-b850-e45445055747,WESTFIELD MEDICAL CORPORATION,WESTFIELD,MA,01085-4224,0.0,105
33e83aa0-c19d-3bed-b828-3d9ef1e8af5d,INTERNAL MEDICAL ASSOCIATES-EBNHC,EAST BOSTON,MA,02128-1920,0.0,57
bd29062a-b90f-3926-813e-cf4027f7df6c,MASSACHUSETTS GENERAL PHYSICIANS ORGANIZATION  INC,REVERE,MA,02151-3675,0.0,57
2591e03a-4c09-3a84-b72f-a7cb8972a849,STURDY MEMORIAL ASSOCIATES  INC.,PLAINVILLE,MA,02762-2257,0.0,56
3348dba4-2c6e-3498-8d0a-a44f04cc5c18,BOSTON UNIVERSITY OBSTETRICS AND GYNECOLOGY FOUNDATION  INC.,BOSTON,MA,02118-2334,0.0,63
60d53ccf-3484-3c1c-8f44-8a11a15f5d57,BAYSTATE MEDICAL PRACTICES INC,SPRINGFIELD,MA,01107-1112,0.0,28
e243a3f6-f843-3088-8855-fa268ee5b583,UMASS MEMORIAL MEDICAL GROUP  INC.,CLINTON,MA,01510-1037,0.0,18
b53dd005-d074-3094-8026-422b775393ec,UMASS MEMORIAL MEDICAL GROUP  INC.,WORCESTER,MA,01605-2903,0.0,36
ea5419a8-3670-39a7-a49b-0df776df60b2,CAMBRIDGE PUBLIC HEALTH COMMISSION,EVERETT,MA,02149-5095,0.0,118
ef6d16ef-018d-30bd-b895-5732899dff0e,BOSTON NEURO BEHAVIORAL ASSOCIATES LLP,NATICK,MA,01760-7700,0.0,81
6d59a1fd-21d9-3966-9df2-49161ca3667d,BRIGHAM AND WOMENS PHYSICIANS ORGANIZATION INC,BOSTON,MA,02115-6110,0.0,42
7b5f2dc3-4f3b-3ee0-a9a8-a74f9bd7ec75,PERFORMANCE REHABILITATION OF WESTERN NEW ENGLAND LLC,WILBRAHAM,MA,01095-1290,0.0,21
6e06529b-dd5b-3240-9031-91b34b697612,STEWARD MEDICAL GROUP  INC,BRIGHTON,MA,02135-2997,0.0,81
bc1782d3-4317-33ef-b8b4-b5978a0592d7,SOUTHCOAST PHYSICIANS GROUP  INC..,FAIRHAVEN,MA,02719-5208,0.0,40
26d45cb3-23cb-32d2-a052-332cc6a2ecdd,RELIANT MEDICAL GROUP  INC,SOUTHBOROUGH,MA,01772-1215,0.0,54
64e6dbb1-833d-359c-a279-fcfbcd8c2266,MASSACHUSETTS GENERAL PHYSICIANS ORGANIZATION  INC,CAMBRIDGE,MA,02138-4308,0.0,51
055165f7-6bc9-3072-82f1-df85f20f425f,ON CALL URGENT CARE  LLC,INDIAN ORCHARD,MA,01151-1207,0.0,8
efbedad2-27d0-395b-8869-bc9eaa59d434,MASSACHUSETTS EYE AND EAR ASSOCIATES  INC,BOSTON,MA,02115-6303,0.0,96
395511c8-1458-382d-9f1d-7d2f6088a0b7,CARL GUSTAFSON LLC,SAUGUS,MA,01906-1094,0.0,36
9922f4ea-b1ee-3dae-9599-5abc39549861,CAMBRIDGE PUBLIC HEALTH COMMISSION,MALDEN,MA,02148-6701,0.0,30
ea523243-7b04-32ab-8d93-3e71a8623311,HEBREW REHABILITATION CENTER,BROOKLINE,MA,02446-2805,0.0,37
8f44e156-9f07-3059-9bd9-9e9bbad81776,LAHEY CLINIC  INC.,BEVERLY,MA,01915-5900,0.0,51
b03dba4f-892f-365c-bfd1-bfcfa7a98d5d,WESTERN MASS PHYSICIAN ASSOCIATES INC,CHICOPEE,MA,01020-4488,0.0,68
27f72ce2-5067-3a5d-b6cb-4e597eb27c5e,BAY STATE PHYSICAL THERAPY OF RANDOLPH PC,MARSHFIELD,MA,02050-2191,0.0,28
9cc3a583-4463-3948-8a9f-6900e895fe74,MARATHON PHYSICAL THERAPY AND SPORTS MEDICINE  LLC,NORTON,MA,02766-2436,0.0,128
d7d965c6-deeb-39e1-ab10-a10a7b3d628f,CAMBRIDGE PUBLIC HEALTH COMMISSION,EVERETT,MA,02149-5128,0.0,39
260d6fb7-e876-3d3e-91a6-d7bd2e731d0a,STEWARD MEDICAL GROUP  INC,AYER,MA,01432-1168,0.0,28
912d1e11-3999-3cef-b18a-83ec1245bc11,RIVERSIDE COMMUNITY CARE INC,UPTON,MA,01568-1309,0.0,29
34f1ebc0-5fa0-3464-bbfc-9739a5cd9bd8,NORTH SHORE PHYSICIANS GROUP INC,BEVERLY,MA,01915-6196,0.0,38
df76bc71-42fa-3806-a284-af4dd624a519,NORTH SHORE PHYSICIANS GROUP INC,SWAMPSCOTT,MA,01907-2928,0.0,9
a73d9755-246c-3e55-8d71-f720bc20e2e0,MASSACHUSETTS GENERAL PHYSICIANS ORGANIZATION  INC,CHELSEA,MA,02150-1812,0.0,47
e5fefe87-d60d-390a-b563-5a8b493df9a3,CAMBRIDGE PUBLIC HEALTH COMMISSION,SOMERVILLE,MA,02143-2827,0.0,34
5c900690-e695-3e69-a4cc-5f538ac3a04f,SOUTHCOAST PHYSICIANS GROUP  INC..,LAKEVILLE,MA,02347-1606,0.0,94
3cf3e3a4-bf18-370f-84e7-40ace804742a,STEWARD MEDICAL GROUP  INC,BRIGHTON,MA,02135-3514,0.0,43
81e1fe1e-8ccb-332f-8a9e-4f60f3a8b17d,RELIANT MEDICAL GROUP  INC,WORCESTER,MA,01606-2738,0.0,23
d7e72df4-5d7e-3cc2-838b-675fa017362c,THE MCLEAN HOSPITAL CORPORATION,BELMONT,MA,02478-1064,0.0,39
c23c229d-7be1-3227-b288-9f43b4d907c2,ANAESTHESIA ASSOCIATES OF MASSACHUSETTS  PC,CAMBRIDGE,MA,02138-5502,0.0,28
6469fc6c-2425-3d9b-9085-a819f95c5b87,STEWARD MEDICAL GROUP  INC,RAYNHAM,MA,02767-5416,0.0,45
270b869f-2cf4-32c6-a9d2-4e1155639a69,MEDICAL CARE OF BOSTON MANAGEMENT CORPORATION,NEEDHAM,MA,02494-2708,0.0,29
4a01ed53-f002-3a33-9e11-7aff2e75e2df,CD PRACTICE ASSOCIATES INC,AMHERST,MA,01002-2788,0.0,28
630a681a-a38d-374b-92c2-a6aeb1f4024d,UMASS MEMORIAL MEDICAL GROUP  INC.,SHREWSBURY,MA,01545-5663,0.0,23
eea1f535-cced-3755-9af3-becac358b003,BAY STATE PHYSICAL THERAPY OF RANDOLPH PC,ARLINGTON,MA,02476-4744,0.0,54
3f5657e2-decb-39ba-8e66-6792c9c0b02d,MEDICAL CARE OF BOSTON MANAGEMENT CORPORATION,BROOKLINE,MA,02446-5515,0.0,9
1c1c5630-8873-3a41-9191-b149cd005661,HOLY FAMILY MEDICAL SPECIALTY PRACTICE PLLC,METHUEN,MA,01844-4597,0.0,8
eeef6fbe-a883-3739-98f5-c8a00d96a15e,CAMBRIDGE PUBLIC HEALTH COMMISSION,SOMERVILLE,MA,02145-2935,0.0,13
967f48f7-7b19-389b-bb6f-5f4bd766beaa,CIRCLE HEALTH URGENT CARE LLC,WESTFORD,MA,01886-3429,0.0,20
86f5a86b-9cb4-3b31-9ef1-4694e3fc359e,MEDEXPRESS URGENT CARE PC MASSACHUSETTS,SPRINGFIELD,MA,01128-1180,0.0,28
015a3415-7c25-3d6e-afc5-1fe1000cbd0b,CAMBRIDGE PUBLIC HEALTH COMMISSION,SOMERVILLE,MA,02143,0.0,28
3c402160-c590-39c1-b9a2-96bfcf3a7a7e,COMMONWEALTH RADIOLOGY ASSOCIATES  INC,DANVERS,MA,01923-3748,0.0,56
d73097ca-2da2-37dd-a9dc-1329716495d0,CD PRACTICE ASSOCIATES INC,BELCHERTOWN,MA,01007-9408,0.0,31
25de203e-65ec-38a3-af09-63fda1bb8ba5,SOUTHCOAST PHYSICIANS GROUP  INC..,FAIRHAVEN,MA,02719-5208,0.0,27
45bc0574-077f-30c7-a450-7f06151d7518,URGENT CARE MEDICAL ASSOCIATES  LLC,WESTWOOD,MA,02090-2333,0.0,28
94e3c32a-69b3-323e-9d98-0643b2179c3e,PROEX PHYSICAL THERAPY  LLC,HAVERHILL,MA,01835-7442,0.0,55
3cba4ba0-5f38-3377-a162-d81fda610d23,KATHERINE J. ATKINSON  MD  PC,AMHERST,MA,01002-2788,0.0,29
2a519b91-11bf-3650-a418-3aa3c3266c7b,WINCHESTER PHYSICIAN ASSOCIATES INC,READING,MA,01867-2901,0.0,28
899a59b7-83d9-3d34-8f3a-23c813c24291,PROEX PHYSICAL THERAPY  LLC,BRAINTREE,MA,02184-5542,0.0,84
b50d599f-9423-3a68-8bf4-4ccca5bf9b07,STEWARD MEDICAL GROUP  INC,SEEKONK,MA,02771-4127,0.0,62
4dced991-0bd7-3d30-aefa-0b8a608221aa,ATHOL MEMORIAL HOSPITAL,ATHOL,MA,01331-3535,0.0,5
27e16b5c-961b-340f-83cc-c22f28d16b2f,UMASS MEMORIAL MEDICAL GROUP  INC.,WESTBOROUGH,MA,01581-1764,0.0,22
d1274182-93d4-3f3c-96e3-c3ff3df9a2c3,HALLMARK HEALTH MEDICAL ASSOCIATES INC,MELROSE,MA,02176-3149,0.0,31
2309f60b-ad77-3db8-b7ed-6eeeb03aa367,STEWARD MEDICAL GROUP  INC,MIDDLEBORO,MA,02346-1030,0.0,54
64a00792-3039-3d72-a727-e6e23c273985,MEDICAL CARE OF BOSTON MANAGEMENT CORPORATION,BROOKLINE,MA,02446-3885,0.0,34
6d31be8e-d1b3-3e16-bace-b4cb2b955318,LAHEY CLINIC  INC.,BEVERLY,MA,01915-2734,0.0,45
8b2f7ccc-febf-3303-9dfb-05bf64d92f16,STEWARD MEDICAL GROUP  INC,S ATTLEBORO,MA,02703-6942,0.0,20
fbb7f372-24d3-31bb-9be3-1f5263c5538e,RELIANT MEDICAL GROUP  INC,HUDSON,MA,01749-3735,0.0,31
d280bb3c-0c3d-327f-aefd-45bce5923116,FOUNDATION MEDICAL PARTNERS INC.,PEPPERELL,MA,01463-1560,0.0,47
80f0cc62-2970-3ea1-bbf9-c98934f59dd5,TOTAL WELLNESS CENTERS  LLC,WORCESTER,MA,01602-3339,0.0,61
eecf520b-fa40-39cd-a3f1-8d2891476257,MINUTECLINIC DIAGNOSTIC OF MASSACHUSETTS  LLC,MARSHFIELD,MA,02050-4906,0.0,28
eaecc8bf-2af6-3093-9082-26745a248f0e,WINCHESTER PHYSICIAN ASSOCIATES INC,TEWKSBURY,MA,01876-3125,0.0,86
a178f886-7d67-3962-8c78-06d8271bdbda,UMASS MEMORIAL MEDICAL GROUP  INC.,LEOMINSTER,MA,01453-1818,0.0,121
4462162b-2c23-3262-b9c0-707e3f5de503,ATRIUS HEALTH INC,SOMERVILLE,MA,02144-2705,0.0,63
19576db2-b965-39d8-bca4-1dc304964915,WEST CENTRAL FAMILY AND COUNSELING  LTD,WEST SPRINGFIELD,MA,01089-1485,0.0,34
a66e7140-19ce-35d4-ba16-3cbb5268cf07,PRATT SURGICAL ASSOCIATES INC,LOWELL,MA,01854-2134,0.0,56
be25470e-c855-3202-8198-2157cf238c7f,BOSTON PEDIATRIC NEUROSURGICAL FOUNDATION INC,BOSTON,MA,02115-5724,0.0,30
b0360d7f-9c72-3a9e-adad-8c4bcc0c2679,JORDAN PHYSICIAN ASSOCIATES INC.,FORESTDALE,MA,02644-1427,0.0,30
7dcb5cb6-5c36-3c80-9e8c-eca5319ee530,RIVERSIDE COMMUNITY CARE INC,SOMERVILLE,MA,02144-1916,0.0,12
d747bc3c-50ae-37c0-b6b2-c11b8d5d8bc5,PROEX PHYSICAL THERAPY  LLC,SALEM,MA,01970-2736,0.0,8
aba8963a-6ee6-3f10-8d9f-16fe178e2ef3,CAREWELL URGENT CARE CENTERS OF MA  PC,BILLERICA,MA,01821-2811,0.0,22
f66dc930-9afa-3994-8676-0c23f1d3d7a3,STEWARD MEDICAL GROUP  INC,TOWNSEND,MA,01469-1300,0.0,32
c6289818-905c-366d-97d4-1c1f66b0ff9f,TOTAL WELLNESS CENTERS  LLC,SPRINGFIELD,MA,01105-1896,0.0,50
d7922c21-3639-3d7d-add4-e44b54131e55,CAREWELL URGENT CARE CENTERS OF MA  PC,LEXINGTON,MA,02420-4334,0.0,27
edafffbd-058e-3a96-ae53-81dd93a92213,CARL GUSTAFSON LLC,SOMERVILLE,MA,02143-4505,0.0,20
24920d2f-9301-3754-9586-f1c7b54324cb,BAY STATE PHYSICAL THERAPY OF RANDOLPH PC,ABINGTON,MA,02351-2186,0.0,85
9b4b04bd-4ac0-386e-94fb-5aead18273c3,MEDEXPRESS URGENT CARE PC MASSACHUSETTS,CHICOPEE,MA,01020-3900,0.0,50
02e72226-b75f-3e06-990a-007394b72f87,NORTH SHORE PHYSICIANS GROUP INC,BEVERLY,MA,01915-6127,0.0,31
ccbd6376-81a6-35c8-93d1-d6d519e417d6,STEWARD MEDICAL GROUP  INC,WHITMAN,MA,02382-1859,0.0,72
f5a06a9d-fb83-30a3-95f5-a9f77828fb25,HARRINGTON PHYSICIAN SERVICES INC,SPENCER,MA,01562-2621,0.0,28
d71ceda9-f23b-3f44-8a43-552ba56a5fef,NORTH SHORE PHYSICIANS GROUP INC,LYNN,MA,01904-1423,0.0,30
45f7465c-a061-3f5c-8ab0-77495ae7071f,EMERSON PRACTICE ASSOCIATES  INC,SUDBURY,MA,01776-3392,0.0,46
d4406386-f463-308b-afda-29de5c058ea6,BAYSTATE MEDICAL PRACTICES INC,EAST LONGMEADOW,MA,01028-1838,0.0,52
a9ee11b4-d324-3276-ba11-f543f3a77746,NEWTON WELLESLEY AMBULATORY SERVICES  INC,WALPOLE,MA,02081-1703,0.0,17
2fbaab4d-bd19-37e0-a3b6-0493955ccdbb,SIGNATURE HEALTHCARE MEDICAL GROUP INC,BRIDGEWATER,MA,02324-3117,0.0,111
659d9873-1028-3faf-8a3d-5d3c90c22a3d,NEW ENGLAND NEUROLOGICAL ASSOCIATES  P.C.,LOWELL,MA,01854,0.0,43
51373f2a-2219-3391-8664-4978665c2546,STEWARD MEDICAL GROUP  INC,ABINGTON,MA,02351-1921,0.0,44
23dc471b-655e-354b-929c-ab54b406f5bd,SOUND PHYSICIANS OF MASSACHUSETTS INC,STOUGHTON,MA,02072-1829,0.0,41
e9aada58-2be6-3975-a1b1-c7b6b44ec3ca,WESTFIELD MEDICAL CORPORATION,SOUTHWICK,MA,01077-9690,0.0,189
7d499cd2-65d6-3885-9ce4-95ea11b51d8f,MASSACHUSETTS GENERAL PHYSICIANS ORGANIZATION  INC,EVERETT,MA,02149-2709,0.0,41
ca49c2b9-efee-3730-9c7a-e35c169c89d9,SOUTHCOAST PHYSICIANS GROUP  INC..,FAIRHAVEN,MA,02719-5208,0.0,60
4ecbf41e-9d8f-3aeb-9b4d-6625c2ff5918,STEWARD MEDICAL GROUP  INC,EAST BRIDGEWATER,MA,02333-1466,0.0,18
5a9ded14-4f2b-3d66-9301-02c8fb81c8fd,RELIANT MEDICAL GROUP  INC,WESTBORO,MA,01581-1494,0.0,36
7863c71c-0473-34c5-96a3-a3a1039a7e79,MINUTECLINIC DIAGNOSTIC OF MASSACHUSETTS  LLC,GREENFIELD,MA,01301-2544,0.0,16
6aaf5ac4-f72c-3153-bd24-07c0240ab70b,BAYSTATE WING HOSPITAL CORPORATION,PALMER,MA,01069-1138,0.0,8
65844c75-463f-326c-b0f6-dc3232e48fb1,UMASS MEMORIAL MEDICAL GROUP  INC.,SUTTON,MA,01590-1908,0.0,24
29231c59-e2f2-31ea-8934-4a11c60db561,PHYSICIANS OF CAPE COD HOSPITAL,HYANNIS,MA,02601-5229,0.0,63
06298d60-e0e0-32d1-b465-2455b92414b9,NORTH SHORE PHYSICIANS GROUP INC,SALEM,MA,01970-2100,0.0,58
ed2f8c70-8b6c-3d0b-938e-497000cc4b85,JORDAN PHYSICIAN ASSOCIATES INC.,DUXBURY,MA,02332-4738,0.0,24
5b4af231-feea-3ec0-93f6-225398b9c5e3,BAYSTATE MEDICAL PRACTICES INC,SPRINGFIELD,MA,01107-1619,0.0,36
d091c102-d402-361f-a252-cf0244ba3fa3,ANAESTHESIA ASSOCIATES OF MASSACHUSETTS  PC,DEDHAM,MA,02026-2637,0.0,28
d62031f6-c04d-3710-ac56-773676b762e0,PERFORMANCE REHABILITATION OF WESTERN NEW ENGLAND LLC,MEDFIELD,MA,02052-1555,0.0,38
27a6633a-af3b-3414-902a-eb6f06cc7338,NORTH SHORE PHYSICIANS GROUP INC,SAUGUS,MA,01906-3210,0.0,8
ca2eaac0-decd-3e6b-9306-da358c0fcbf5,MARATHON PHYSICAL THERAPY AND SPORTS MEDICINE  LLC,EASTON,MA,02334,0.0,113
0fbf08b8-4f57-3d18-b153-90417f7cc2ff,CAP ANESTHESIA  PC,HAVERHILL,MA,01830-6700,0.0,37
bbddcd5c-1bfb-33e1-bc31-3d7aa0967e3c,VIRTUAL RADIOLOGIC PROFESSIONALS  LLC,ANDOVER,MA,01810-3619,0.0,16
c0a238bc-f10c-308e-a67f-9af905927ca5,SPINE AND SPORTS INJURY CENTER  P.C.,BOSTON,MA,02116-5109,0.0,34
369484df-e8d5-373d-a9f2-abfd405f73bd,RELIANT MEDICAL GROUP  INC,HOLDEN,MA,01520-2570,0.0,62
43acc0a3-a37b-37b0-873a-b2c324d6d93c,PERFORMANCE REHABILITATION OF WESTERN NEW ENGLAND LLC,WEST SPRINGFIELD,MA,01089-1420,0.0,25
551880f3-beae-32e6-85f0-07c033c56e2d,STEWARD MEDICAL GROUP  INC,FALL RIVER,MA,02721-1623,0.0,58
b9c4e4e9-4717-340e-99a8-4c3941065d23,STEWARD MEDICAL GROUP  INC,METHUEN,MA,01844-4445,0.0,47
05012be2-c47b-3ca2-abfd-30a74859d1e8,STEWARD MEDICAL GROUP  INC,HANSON,MA,02341-1160,0.0,41
febadabe-dc60-3e65-97d3-a94b5c380777,PCP317670,BROOKLINE,MA,02446-5587,0.0,59
61575cd8-3f3b-3041-9541-543a48a452b9,MARATHON PHYSICAL THERAPY AND SPORTS MEDICINE  LLC,DEDHAM,MA,02026-6804,0.0,74
2468bb56-3ceb-37c9-8140-14cbe3d36948,CAREWELL URGENT CARE CENTERS OF MA  PC,SOMERVILLE,MA,02145-2407,0.0,8
82da053b-5fd5-3a73-9e39-5e53fff79b15,NORTH SHORE RADIOLOGICAL ASSOCIATES INC,STONEHAM,MA,02180-2446,0.0,19
aedfbeaa-6402-32a4-b806-1829fb8089be,JORDAN PHYSICIAN ASSOCIATES INC.,PLYMOUTH,MA,02360-7735,0.0,30
3f44c95d-aa3d-3385-93f7-9b0bdecc52a6,MASS LUNG AND ALLERGY PC,CHARLTON,MA,01507-1590,0.0,58
b9a14c6c-d83f-306d-b261-778e45158c77,STEWARD MEDICAL GROUP  INC,HALIFAX,MA,02338-1342,0.0,50
883860d6-0862-3a47-a18f-7256563c53f4,HARRINGTON PHYSICIAN SERVICES INC,BRIMFIELD,MA,01010-9647,0.0,87
ed353f5c-41f9-3eb6-8e10-47d3db959d99,MILFORD REGIONAL PHYSICIAN GROUP INC,NORTHBRIDGE,MA,01534-1415,0.0,319
fce14b11-9ce8-3f3a-a5ec-41a986cb8d76,PCP321304,HOLYOKE,MA,01040-6603,0.0,46
cf656e7e-7737-3007-8519-ab59d47997bd,FRANKLIN PAIN ASSOCIATES LLC,FRANKLIN,MA,02038-1493,0.0,60
6f9533a0-163f-3afc-b6e9-16bdfb6a0578,STEWARD MEDICAL GROUP  INC,WRENTHAM,MA,02093-1399,0.0,23
6fe16450-d702-32b1-a8f4-16fb9046ea7d,LYNN COMMUNITY HEALTH  INC.,LYNN,MA,01905-2420,0.0,73
aab93dbd-24d7-3c77-9ba8-24165df892de,BOSTON UNIVERSITY NEUROLOGY ASSOCIATES INC,BRAINTREE,MA,02184-5351,0.0,19
8551a132-55e0-3e45-a900-a344631aaf18,PERFORMANCE REHABILITATION OF WESTERN NEW ENGLAND LLC,SUDBURY,MA,01776-2405,0.0,15
cef329a7-3cec-3277-9409-8619f59e05db,BERKSHIRE FACULTY SERVICES INC,PITTSFIELD,MA,01201-4147,0.0,86
9dea6fe8-dc88-317b-b76f-59d440389061,BRIGHAM AND WOMENS HOSPITAL  INC,BOSTON,MA,02115-6110,0.0,19
10523c85-c2e7-376a-81ef-d9dfbb4d212f,NORTH SUBURBAN ORTHOPEDIC ASSOCIATES INC,EVERETT,MA,02149,0.0,63
ad8a93b0-5048-31eb-8474-8f76c655f2d9,RIVERSIDE COMMUNITY CARE INC,SOMERVILLE,MA,02143-4297,0.0,31
e018dd7a-71fe-3d35-9ad9-1aa56beb1ddb,MASSACHUSETTS EYE AND EAR ASSOCIATES  INC,DUXBURY,MA,02332-5315,0.0,53
632821a3-294a-3e71-93dc-386112575a45,BRIGHAM AND WOMENS HOSPITAL  INC,FOXBORO,MA,02035-1375,0.0,60
5dacb067-ea95-3a8a-8787-94f3416cca4b,STEWARD MEDICAL GROUP  INC,METHUEN,MA,01844-4547,0.0,30
3d2ef50c-8875-349f-acc1-5ff0aa4c3eb4,HALLMARK HEALTH MEDICAL ASSOCIATES INC,MELROSE,MA,02176-2711,0.0,30
3feafc01-48cb-32a5-864f-ea1cf35e2313,STEWARD MEDICAL GROUP  INC,DORCHESTER,MA,02124-5628,0.0,5
17de15ad-15e5-33c3-bb56-b4a333face33,STEWARD MEDICAL GROUP  INC,SWANSEA,MA,02777-4114,0.0,44
921067c6-5a34-3cb7-8ad2-eda54d6fbb26,BOSTON SPORTS AND SHOULDER CENTER LLC,BOURNE,MA,02532-3890,0.0,23
361be8c3-0d72-3f74-a446-52f6cde124a6,PERFORMANCE REHABILITATION OF WESTERN NEW ENGLAND LLC,SPRINGFIELD,MA,01118-1805,0.0,51
34fa21b8-5507-3d4a-a9bd-b08acb0a5070,STEWARD MEDICAL GROUP  INC,MIDDLEBORO,MA,02346-1458,0.0,37
d27961e4-a619-349e-8b8d-8ed5cf6705c5,MINUTECLINIC DIAGNOSTIC OF MASSACHUSETTS  LLC,CAMBRIDGE,MA,02140-1449,0.0,10
37c197b5-110f-339b-942e-272137f770b2,CD PRACTICE ASSOCIATES INC,WILLIAMSBURG,MA,01096-9427,0.0,180
cc017777-8cdb-3c21-bc4d-083ff908c27c,PCP330928,MILTON,MA,02186-3877,0.0,28
76c7d4c2-4b50-38d2-aac2-76dff59b1192,UMASS MEMORIAL MEDICAL GROUP  INC.,MARLBOROUGH,MA,01752-3999,0.0,53
cea8f099-e5cd-35b9-92b3-e11365ae6f8e,MASS OPTOMETRIC ASSOCIATES  PLLC,PLYMOUTH,MA,02360-7233,0.0,66
19e35a1e-429b-33c4-a0da-aff96116489b,SOUND PHYSICIANS OF MASSACHUSETTS II PC,BROCKTON,MA,02301-1794,0.0,20
4ce5f233-2667-3ebd-972f-f339976f59b1,RENAL AND TRANSPLANT ASSOCIATES OF NEW ENGLAND PC,HOLYOKE,MA,01040-6603,0.0,35
3f2bb842-492b-31e3-b986-b6a57727c04e,CENTMASS IMAGING  INC.,LEOMINSTER,MA,01453-5507,0.0,45
6a2be1e1-df77-37f6-b51e-56aa3b2e0755,PERSONAL BEST PHYSICAL THERAPY LLC,REHOBOTH,MA,02769-2601,0.0,65
a5d07525-be34-3828-ac54-a798d8e605db,SOUTH BAY MENTAL HEALTH CENTER  INC.,SWANSEA,MA,02777-4119,0.0,24
0964706a-e1ec-397c-bd9b-57aaa12b8cbd,RIVER VALLEY COUNSELING CENTER INC,CHICOPEE,MA,01013-1611,0.0,56
30fa799d-cbfd-332c-b222-ec1137c0f28b,SOUTH BAY MENTAL HEALTH CENTER  INC.,SPRINGFIELD,MA,01105-1435,0.0,68
e1d4b508-c601-3456-990c-ba1f91bb0686,PCP334303,TEATICKET,MA,02536-5671,0.0,59
4e3fa90d-c1e0-3ad9-a080-27a43b5813cc,PCP335381,COHASSET,MA,02025-2115,0.0,33
04652f3e-a745-3706-833c-5fcf7a23cfc8,BAY STATE PHYSICAL THERAPY OF RANDOLPH PC,RANDOLPH,MA,02368-4633,0.0,39
9a2a92c3-d4ab-3a03-a55f-15c86b0793dc,PCP336242,QUINCY,MA,02169-4762,0.0,63
a3e2532e-5a07-3df8-8962-253207377b86,RELIANT MEDICAL GROUP  INC,AUBURN,MA,01501-3203,0.0,33
632120c3-d5f3-31cf-a3ff-9afe4d9ef9f6,STURDY MEMORIAL ASSOCIATES  INC.,REHOBOTH,MA,02763,0.0,30
d307105e-ae37-3c84-b0c6-bb7ba01f0b20,STEWARD MEDICAL GROUP  INC,AYER,MA,01432-1191,0.0,53
c6d61641-fb92-3b0a-b405-979248ecfb33,MILFORD REGIONAL PHYSICIAN GROUP INC,FRANKLIN,MA,02038-1374,0.0,52
baf16619-2d0f-3c36-b921-aa1a7a752ac3,ROBERT H. JANIGIAN JR. MD LLC,SWANSEA,MA,02777-4114,0.0,44
4d9877c9-5eb6-3db0-8bdb-cd2b01a6b668,SOUTHCOAST PHYSICIANS GROUP  INC..,FAIRHAVEN,MA,02719-5208,0.0,58
e6188bb8-3630-3704-98ce-c6c94fbfd55a,PCP339907,WEST BRIDGEWATER,MA,02379,0.0,50
4be76e05-1237-3df5-abce-9a96f959206e,PCP340164,CAMBRIDGE,MA,02138-2753,0.0,30
675a968d-6e97-3076-a3d6-769357a6c972,WESTFIELD MEDICAL CORPORATION,WESTFIELD,MA,01085-1832,0.0,33
f7cc8d75-179c-3740-be51-a8df0b4f47b3,NORTHEAST DERMATOLOGY ASSOCIATES  PC,BOSTON,MA,02215-2823,0.0,40
e6adb884-b133-331f-8973-5298bd494bc8,SOUTH BAY MENTAL HEALTH CENTER  INC.,CHELSEA,MA,02150-2363,0.0,49
65611ad1-0a85-34a9-aae0-cd1771691f69,NEWTON WELLESLEY AMBULATORY SERVICES  INC,WESTON,MA,02493-1546,0.0,31
88f1fce1-dce3-3556-96b4-2a943b9af8ec,RELIANT MEDICAL GROUP  INC,MILLBURY,MA,01527-2692,0.0,112
d8a97c2f-88c1-3d93-8b60-29cdacdebd0a,EMERSON PRACTICE ASSOCIATES  INC,CONCORD,MA,01742,0.0,23
774cf784-d6c2-32b4-a63f-9a5b95a7b834,REMOTE NEUROMONITORING PHYSICIANS PC,WINTHROP,MA,02152-1037,0.0,16
0ac7fa57-a6d9-3afd-a02e-4aff2e125569,CD PRACTICE ASSOCIATES INC,BELCHERTOWN,MA,01007-9408,0.0,42
1d254da0-11b1-3bed-b9a7-b9a5efc8c989,MEDICAL CARE OF BOSTON MANAGEMENT CORPORATION,DEDHAM,MA,02026-4530,0.0,65
e62f783b-5841-34fd-9fe9-aea63cda5664,NEW ENGLAND NEPHROLOGY ASSOCIATES,QUINCY,MA,02169-5029,0.0,55
0503d371-5656-35f6-99f3-c643a1c57d17,PCP343917,SWAMPSCOTT,MA,01907-2574,0.0,70
b62a2f26-b410-32e0-b1c0-b94161f3a7c4,ODONATA PSYCHOTHERAPY AND RETREAT CENTER LLC,FORESTDALE,MA,02644-1413,0.0,72
e9c98bde-b281-3227-ab05-eaff00462582,MINUTECLINIC DIAGNOSTIC OF MASSACHUSETTS  LLC,SEEKONK,MA,02771-2618,0.0,20
f076486c-76c1-32dc-9578-75f1d197a5db,PCP344774,SUTTON,MA,01590-1908,0.0,57
c2751801-8047-30ce-ba9b-72afebaae76a,UROLOGY CONSULTANTS OF NS,NEWBURYPORT,MA,01950,0.0,79
6b1a1cb8-787b-33de-9faa-00033ffdd3c7,PCP345072,METHUEN,MA,01844-5871,0.0,32
ccbfca49-309d-3b5c-97e4-ce7ba9f0bcc8,HARVARD MEDICAL FACULTY PHYS AT BETH ISRAEL DEACONESS MED CTR  INC.,WINCHESTER,MA,01890-1496,0.0,82
8a76529c-96fe-32c6-9b8c-fd4152db61da,UMASS MEMORIAL MEDICAL GROUP  INC.,NORTHBOROUGH,MA,01532-1914,0.0,37
f5726bdb-ace4-37b7-a4a7-544eb52d58fb,PCP347743,YARMOUTH PORT,MA,02675-2159,0.0,33
592c7848-5619-3d11-b158-488fb330ee00,PCP348282,DENNIS,MA,02638-1911,0.0,51
b0c0b6e9-bb53-3e9e-a734-318fa818955d,CENTMASS IMAGING  INC.,LEOMINSTER,MA,01453-2242,0.0,37
28c1f675-4dd0-38a7-92dd-1da9e96efbd3,PCP348576,LOWELL,MA,01852-1334,0.0,84
551732c0-2aa2-3a8f-a9b0-8543e015e832,BERKSHIRE FACULTY SERVICES INC,ADAMS,MA,01220-2032,0.0,14
e97ada4e-9e6e-396a-88dd-422cbb4bb229,ODONATA PSYCHOTHERAPY AND RETREAT CENTER LLC,BUZZARDS BAY,MA,02532-3245,0.0,91
b3cd0211-e3d4-3652-a513-40e9341f6296,PCP350297,WEYMOUTH,MA,02190-1612,0.0,27
5d4a38f6-6b92-35b4-9a6e-16304971ce2b,WACHUSETT RADIOLOGY INC,WINCHENDON,MA,01475-1820,0.0,21
5a6c72b5-3615-3fcb-b8c3-470e47c98a8b,ZWANGER AND PESIRI RADIOLOGY GROUP LLP,CARLISLE,MA,01741-1586,0.0,57
50dec98b-61a0-3d49-b803-0dc181963202,LAHEY CLINIC  INC.,MERRIMAC,MA,01860-2005,0.0,109
79de53b3-28a3-3323-9572-13fdc3dcb99c,MEDICAL CARE OF BOSTON MANAGEMENT CORPORATION,MILTON,MA,02186-3881,0.0,45
c98d0d3d-8a43-31a6-a107-9ea2cc7f024b,HALLMARK HEALTH MEDICAL ASSOCIATES INC,WILMINGTON,MA,01887-2179,0.0,41
ce7cf858-b5ae-3f23-ac95-cce3ecdda178,BAY STATE PHYSICAL THERAPY OF RANDOLPH PC,SCITUATE,MA,02066-4533,0.0,42
2e93bbc6-cbec-3cb8-b936-ad4402862092,MINUTECLINIC DIAGNOSTIC OF MASSACHUSETTS  LLC,PALMER,MA,01069-1501,0.0,34
d3df855b-3e2b-304d-a25d-11cb20d2510b,HALLMARK HEALTH MEDICAL ASSOCIATES INC,REVERE,MA,02151-3143,0.0,31
f7ef6771-16a9-33e8-ae26-cbcd16492d4d,RIVERSIDE COMMUNITY CARE INC,SOMERVILLE,MA,02143-4297,0.0,45
9a01482a-dc55-3916-9fe9-016717fe40a4,PCP353491,HOPKINTON,MA,01748-1619,0.0,49
ecbc2744-976a-3806-b460-eb728830779f,TOTAL WELLNESS CENTERS  LLC,LAWRENCE,MA,01843-1740,0.0,94
aafc7529-1a22-32ec-a06d-a6c6163c766e,PERFORMANCE REHABILITATION OF WESTERN NEW ENGLAND LLC,SAUGUS,MA,01906-1094,0.0,69
d264d7d3-1734-3cb1-9734-29c88d09fa03,UMASS MEMORIAL MEDICAL GROUP  INC.,BERLIN,MA,01503-1225,0.0,52
1e575986-84d0-3e7c-a86c-2a1ee67d9fa3,ALL CARE HOSPICE INC.,LYNN,MA,01901-1536,0.0,60
33f56fac-880e-3f10-928b-582c7d1f92bc,STEWARD MEDICAL GROUP  INC,EAST WAREHAM,MA,02538-1354,0.0,44
b3dad682-0ba3-3855-b5a2-7fb412528b39,SOUTH BAY MENTAL HEALTH CENTER  INC.,WORCESTER,MA,01608-1604,0.0,47
4c15fffd-e7e3-3d1b-89e3-d28737792fa3,PCP357316,DANVERS,MA,01923-4009,0.0,42
f1193bda-7254-3d95-8c4a-30edf5e34328,CHARLES RIVER MEDICAL ASSOCIATES  PC,NATICK,MA,01760-7700,0.0,18
439831cf-293d-34fc-9626-f8f2e4b5e1cd,PCP358047,BILLERICA,MA,01821-5318,0.0,98
67bc4c2c-8863-3521-bbeb-41627b604131,MINUTECLINIC DIAGNOSTIC OF MASSACHUSETTS  LLC,WESTPORT,MA,02790-2819,0.0,16
52a30b57-1660-3c8c-9f4d-5a38305ee506,THE COMMONWEALTH OF MASSACHUSETTS,POCASSET,MA,02559-2198,0.0,65
3ac9b4bd-3fb6-3680-8778-dcd410cad20c,PCP359372,BRIDGEWATER,MA,02324-3152,0.0,47
a0a14713-50c4-3818-b0cb-8c2047f1458c,BAY STATE PHYSICAL THERAPY OF RANDOLPH PC,CEDARVILLE,MA,02360-6903,0.0,265
5f178592-5066-33f6-8594-e6f58caca21c,MASHPEE FAMILY MEDICINE,MASHPEE,MA,2649,0.0,2
daff0685-8673-3a4a-b096-6e0c6284551d,PRIMA CARE WALK IN CLINIC,FALL RIVER,MA,2721,0.0,4
829a88e4-565e-3a38-a0a6-94ade6404a38,TRU MEDICAL WALK IN CLINIC,NEW BEDFORD,MA,2746,0.0,22
4feb5860-8c43-34ea-b2c8-84ff7ca8740b,TRU MEDICAL WALK IN CENTER,FALL RIVER,MA,2721,0.0,188
95d68217-d9c5-30da-b406-61fac767fc0e,METROMEDIC WALK IN CLINIC,NEW BEDFORD,MA,2740,0.0,6
92819cdc-db9e-387e-8c4f-4b2b4e8b2e4f,SAINTS WALK-IN MEDICAL CENTER - URGENT CARE AND OCCUPATIONAL HEALTH,LOWELL,MA,1850,0.0,68
0d1563c1-d56c-362e-9e3d-d74463ebbe0f,URGENT CARE MEDICAL CLINIC,BROCKTON,MA,2301,0.0,143
0c127383-39c2-30f2-bd62-448ea6fe1385,FAMILY MEDICAL CENTER,FAIRHAVEN,MA,2719,0.0,87
ad933cee-594c-3f13-b6ef-20f89ecd91ff,ROUTE 6 WALK IN EMERGENCY OFFICE,SEEKONK,MA,2771,0.0,9
4e916854-3a59-3f17-bb16-7c406148d822,HANOVER FAMILY HEALTH AND URGENT CARE,HANOVER,MA,2339,0.0,122
a76bda1d-f42d-3046-b8c6-021f3db0a086,WALK IN AND PRIMARY CARE,WALTHAM,MA,2451,0.0,92
7116c200-6663-3503-8314-1ee16845e5d3,SAINTS WALK-IN MEDICAL CENTER - URGENT CARE AND OCCUPATIONAL HEALTH,CHELMSFORD,MA,1824,0.0,88
3265f387-6c51-32ee-8f6d-b2a89caa34d5,CHELSEA MGH HEALTH CENTER MEDICAL WALK IN,CHELSEA,MA,2150,0.0,40
c63d0602-724d-3d74-958a-a31b1364eaef,HARVARD VANGUARD BRAINTREE PRACTICE URGENT CARE,BRAINTREE,MA,2184,0.0,54
f15cf8e0-db9a-39b1-b78f-8a6a01cf574b,HAMPDEN COUNTY URGENT MEDICAL CARE CENTER,EAST LONGMEADOW,MA,1028,0.0,10
ff9474cb-cf9c-350a-a22b-b949ee9793cf,FAMILY CARE MEDICAL CENTER / URGENT CARE PHYSICIAN,SPRINGFIELD,MA,1118,0.0,309
cbbee84d-7644-3b24-9f41-e3747f5050df,FAMILY HEALTH CENTER,WORCESTER,MA,1610,0.0,256
f1313c7d-3148-335b-adc3-337f15567b82,WINCHESTER HOSPITAL FAMILY MEDICAL CENTER,WILMINGTON,MA,1887,0.0,52
df5a38ee-e493-3572-8f92-bb695aef9891,MID CAPE MEDICAL CENTER,HYANNIS,MA,2601,0.0,42
e3f1676b-9b40-3544-af4e-17a06bbb98bb,CODMAN SQUARE HEALTH CENTER,DORCHESTER,MA,2124,0.0,441
a43fb751-96fe-3496-8750-73f85651866d,CONCENTRA URGENT CARE - WILMINGTON,WILMINGTON,MA,1887,0.0,24
b81688f5-bd0e-3c99-963f-860d3e90ab5d,URGENT CARE MEDICAL CLINIC,BOSTON,MA,2116,0.0,522
eeca3319-9cbf-382e-a7ee-43986c981135,TAUNTON WALK IN HEALTH CLINIC,TAUNTON,MA,2780,0.0,30
6e62e63b-c39a-3211-99d8-8b8f0f06774e,GREAT BROOK VALLEY HEALTH CENTER,WORCESTER,MA,1605,0.0,54
62fa9127-485f-3032-87cc-6576d91fec94,LAHEY CLINIC NORTHSHORE,PEABODY,MA,1960,0.0,60
291a9036-ff68-348d-a693-537df0807a12,FALL RIVER MEDICAL EMERGENCY WALK IN CLINIC,FALL RIVER,MA,2721,0.0,2
b60f8daf-0362-3c28-9b54-216e7f3e80bd,FALMOUTH HOSPITAL CLINIC AT BOURNE,BUZZARDS BAY,MA,2532,0.0,80
d672f853-e2a5-324e-98fa-c6d5f8dfc255,WALTHAM URGENT CARE,WALTHAM,MA,2453,0.0,95
c0aa05be-e636-316f-80d7-8b0b5d2eb194,EAST BOSTON NEIGHBORHOOD HEALTH CENTER URGENT CARE,BOSTON,MA,2128,0.0,9
98d42012-384f-39d9-b210-cc654b9441f6,FONTAINE MEDICAL CENTER,HARWICH,MA,2645,0.0,22
27f06acd-f732-3871-be87-889fef7d9010,CONCENTRA URGENT CARE - GREENFIELD,GREENFIELD,MA,1301,0.0,385
7ffe74ac-786d-3c6d-bcb9-323352f6149c,CONCENTRA URGENT CARE - SPRINGFIELD,SPRINGFIELD,MA,1104,0.0,188
b06770b5-b695-3c1a-9685-ae2223966ff7,GENERAL HEALTH CARE,NORTH ATTLEBORO,MA,2760,0.0,72
a9afd4c9-8443-3b5a-a486-07c3bb109b3f,RIVER BEND MEDICAL GROUP - CHICOPEE OFFICE - URGENT CARE,CHICOPEE,MA,1020,0.0,94
9b5f23f1-c387-3a77-9359-752d26d7f997,FAMILY DOCTORS,SWAMPSCOTT,MA,1907,0.0,211
108ccece-277a-396f-8bf2-1527f74458eb,ON CALL URGENT CARE CENTER,NORTHAMPTON,MA,1060,0.0,137
f7a6cc79-3075-3124-9f62-6fe562440b1d,HAWTHORN MEDICAL URGENT CARE CENTER,NORTH DARTMOUTH,MA,2747,0.0,1071
0f7f97f6-693c-3de9-8190-85feaf4632e2,CONCENTRA URGENT CARE - EAST BOSTON,EAST BOSTON,MA,2128,0.0,23
700056a6-3aea-3efd-8423-a9acbd38a5ea,ROUTE 44 MEDICAL WALK-IN,RAYNHAM,MA,2767,0.0,40
308b5efa-a9c2-3728-b1ff-d29c5f060731,FALLON CLINIC URGENT CARE,WORCESTER,MA,1605,0.0,152
bbf934c6-faad-3483-a1d2-d2ecb693a0e2,FALMOUTH WALK IN MEDICAL CENTER,TEATICKET,MA,2536,0.0,11
90cf148c-69ed-3d33-aa86-b509c6b0b25f,PROMPT CARE WALK-IN CLINIC,MEDFORD,MA,2155,0.0,72
1aedcb45-c507-3ad0-9010-6583d264ae72,PRIMA CARE / SOMERSET SWANSEA WALK IN CARE CENTER,SOMERSET,MA,2726,0.0,17
